Frame,Chorea Label
33924,-9
33925,-9
33926,-9
33927,-9
33928,-9
33929,-9
33930,-9
33931,-9
33932,-9
33933,-9
33934,-9
33935,-9
33936,-9
33937,-9
33938,-9
33939,-9
33940,-9
33941,-9
33942,-9
33943,-9
33944,-9
33945,-9
33946,-9
33947,-9
33948,-9
33949,-9
33950,-9
33951,-9
33952,-9
33953,-9
33954,-9
33955,-9
33956,-9
33957,-9
33958,-9
33959,-9
33960,-9
33961,-9
33962,-9
33963,-9
33964,-9
33965,-9
33966,-9
33967,-9
33968,-9
33969,-9
33970,-9
33971,-9
33972,-9
33973,-9
33974,-9
33975,-9
33976,-9
33977,-9
33978,-9
33979,-9
33980,-9
33981,-9
33982,-9
33983,-9
33984,-9
33985,-9
33986,-9
33987,-9
33988,-9
33989,-9
33990,-9
33991,-9
33992,-9
33993,-9
33994,-9
33995,-9
33996,-9
33997,-9
33998,-9
33999,-9
34000,-9
34001,-9
34002,-9
34003,-9
34004,-9
34005,-9
34006,-9
34007,-9
34008,-9
34009,-9
34010,-9
34011,-9
34012,-9
34013,-9
34014,-9
34015,-9
34016,-9
34017,-9
34018,-9
34019,-9
34020,-9
34021,-9
34022,-9
34023,-9
34024,-9
34025,-9
34026,-9
34027,-9
34028,-9
34029,-9
34030,-9
34031,-9
34032,-9
34033,-9
34034,-9
34035,-9
34036,-9
34037,-9
34038,-9
34039,-9
34040,-9
34041,-9
34042,-9
34043,-9
34044,-9
34045,-9
34046,-9
34047,-9
34048,-9
34049,-9
34050,-9
34051,-9
34052,-9
34053,-9
34054,-9
34055,-9
34056,-9
34057,-9
34058,-9
34059,-9
34060,-9
34061,-9
34062,-9
34063,-9
34064,-9
34065,-9
34066,-9
34067,-9
34068,-9
34069,-9
34070,-9
34071,-9
34072,-9
34073,-9
34074,-9
34075,-9
34076,-9
34077,-9
34078,-9
34079,-9
34080,-9
34081,-9
34082,-9
34083,-9
34084,-9
34085,-9
34086,-9
34087,-9
34088,-9
34089,-9
34090,-9
34091,-9
34092,-9
34093,-9
34094,-9
34095,-9
34096,-9
34097,-9
34098,-9
34099,-9
34100,-9
34101,-9
34102,-9
34103,-9
34104,-9
34105,-9
34106,-9
34107,-9
34108,-9
34109,-9
34110,-9
34111,-9
34112,-9
34113,-9
34114,-9
34115,-9
34116,-9
34117,-9
34118,-9
34119,-9
34120,-9
34121,-9
34122,-9
34123,-9
34124,-9
34125,-9
34126,-9
34127,-9
34128,-9
34129,-9
34130,-9
34131,-9
34132,-9
34133,-9
34134,-9
34135,-9
34136,-9
34137,-9
34138,-9
34139,-9
34140,-9
34141,-9
34142,-9
34143,-9
34144,-9
34145,-9
34146,-9
34147,-9
34148,-9
34149,-9
34150,-9
34151,-9
34152,-9
34153,-9
34154,-9
34155,-9
34156,-9
34157,-9
34158,-9
34159,-9
34160,-9
34161,-9
34162,-9
34163,-9
34164,-9
34165,-9
34166,-9
34167,-9
34168,-9
34169,-9
34170,-9
34171,-9
34172,-9
34173,-9
34174,-9
34175,-9
34176,-9
34177,-9
34178,-9
34179,-9
34180,-9
34181,-9
34182,-9
34183,-9
34184,-9
34185,-9
34186,-9
34187,-9
34188,-9
34189,-9
34190,-9
34191,-9
34192,-9
34193,-9
34194,-9
34195,-9
34196,-9
34197,-9
34198,-9
34199,-9
34200,-9
34201,-9
34202,-9
34203,-9
34204,-9
34205,-9
34206,-9
34207,-9
34208,-9
34209,-9
34210,-9
34211,-9
34212,-9
34213,-9
34214,-9
34215,-9
34216,-9
34217,-9
34218,-9
34219,-9
34220,-9
34221,-9
34222,-9
34223,-9
34224,-9
34225,-9
34226,-9
34227,-9
34228,-9
34229,-9
34230,-9
34231,-9
34232,-9
34233,-9
34234,-9
34235,-9
34236,-9
34237,-9
34238,-9
34239,-9
34240,-9
34241,-9
34242,-9
34243,-9
34244,-9
34245,-9
34246,-9
34247,-9
34248,-9
34249,-9
34250,-9
34251,-9
34252,-9
34253,-9
34254,-9
34255,-9
34256,-9
34257,-9
34258,-9
34259,-9
34260,-9
34261,-9
34262,-9
34263,-9
34264,-9
34265,-9
34266,-9
34267,-9
34268,-9
34269,-9
34270,-9
34271,-9
34272,-9
34273,-9
34274,-9
34275,-9
34276,-9
34277,-9
34278,-9
34279,-9
34280,-9
34281,-9
34282,-9
34283,-9
34284,-9
34285,-9
34286,-9
34287,-9
34288,-9
34289,-9
34290,-9
34291,-9
34292,-9
34293,-9
34294,-9
34295,-9
34296,-9
34297,-9
34298,-9
34299,-9
34300,-9
34301,-9
34302,-9
34303,-9
34304,-9
34305,-9
34306,-9
34307,-9
34308,-9
34309,-9
34310,-9
34311,-9
34312,-9
34313,-9
34314,-9
34315,-9
34316,-9
34317,-9
34318,-9
34319,-9
34320,-9
34321,-9
34322,-9
34323,-9
34324,-9
34325,-9
34326,-9
34327,-9
34328,-9
34329,-9
34330,-9
34331,-9
34332,-9
34333,-9
34334,-9
34335,-9
34336,-9
34337,-9
34338,-9
34339,-9
34340,-9
34341,-9
34342,-9
34343,-9
34344,-9
34345,-9
34346,-9
34347,-9
34348,-9
34349,-9
34350,-9
34351,-9
34352,-9
34353,-9
34354,-9
34355,-9
34356,-9
34357,-9
34358,-9
34359,-9
34360,-9
34361,-9
34362,-9
34363,-9
34364,-9
34365,-9
34366,-9
34367,-9
34368,-9
34369,-9
34370,-9
34371,-9
34372,-9
34373,-9
34374,-9
34375,-9
34376,-9
34377,-9
34378,-9
34379,-9
34380,-9
34381,-9
34382,-9
34383,-9
34384,-9
34385,-9
34386,-9
34387,-9
34388,-9
34389,-9
34390,-9
34391,-9
34392,-9
34393,-9
34394,-9
34395,-9
34396,-9
34397,-9
34398,-9
34399,-9
34400,-9
34401,-9
34402,-9
34403,-9
34404,-9
34405,-9
34406,-9
34407,-9
34408,-9
34409,-9
34410,-9
34411,-9
34412,-9
34413,-9
34414,-9
34415,-9
34416,-9
34417,-9
34418,-9
34419,-9
34420,-9
34421,-9
34422,-9
34423,-9
34424,-9
34425,-9
34426,-9
34427,-9
34428,-9
34429,-9
34430,2
34431,2
34432,2
34433,2
34434,2
34435,2
34436,2
34437,2
34438,2
34439,2
34440,2
34441,2
34442,2
34443,2
34444,2
34445,2
34446,2
34447,2
34448,2
34449,2
34450,2
34451,2
34452,2
34453,2
34454,2
34455,2
34456,2
34457,2
34458,2
34459,2
34460,2
34461,2
34462,2
34463,2
34464,2
34465,2
34466,2
34467,2
34468,2
34469,2
34470,2
34471,2
34472,2
34473,2
34474,2
34475,2
34476,2
34477,2
34478,2
34479,2
34480,2
34481,2
34482,2
34483,2
34484,2
34485,2
34486,2
34487,2
34488,2
34489,2
34490,2
34491,2
34492,2
34493,2
34494,2
34495,2
34496,2
34497,2
34498,2
34499,2
34500,2
34501,2
34502,2
34503,2
34504,2
34505,2
34506,2
34507,2
34508,2
34509,2
34510,2
34511,2
34512,2
34513,2
34514,2
34515,2
34516,2
34517,2
34518,2
34519,2
34520,2
34521,2
34522,2
34523,2
34524,2
34525,2
34526,2
34527,2
34528,2
34529,2
34530,2
34531,2
34532,2
34533,2
34534,2
34535,2
34536,2
34537,2
34538,2
34539,2
34540,2
34541,2
34542,2
34543,2
34544,2
34545,2
34546,2
34547,2
34548,2
34549,2
34550,2
34551,2
34552,2
34553,2
34554,2
34555,2
34556,2
34557,2
34558,2
34559,2
34560,2
34561,2
34562,2
34563,2
34564,2
34565,2
34566,2
34567,2
34568,2
34569,2
34570,2
34571,2
34572,2
34573,2
34574,2
34575,2
34576,2
34577,2
34578,2
34579,2
34580,2
34581,2
34582,2
34583,2
34584,2
34585,2
34586,2
34587,2
34588,2
34589,2
34590,2
34591,2
34592,2
34593,2
34594,2
34595,2
34596,2
34597,2
34598,2
34599,2
34600,2
34601,2
34602,2
34603,2
34604,2
34605,2
34606,2
34607,2
34608,2
34609,2
34610,2
34611,2
34612,2
34613,2
34614,2
34615,2
34616,2
34617,2
34618,2
34619,2
34620,2
34621,2
34622,2
34623,2
34624,2
34625,2
34626,2
34627,2
34628,2
34629,2
34630,2
34631,2
34632,2
34633,2
34634,2
34635,2
34636,2
34637,2
34638,2
34639,2
34640,2
34641,2
34642,2
34643,2
34644,2
34645,2
34646,2
34647,2
34648,2
34649,2
34650,2
34651,2
34652,2
34653,2
34654,2
34655,2
34656,2
34657,2
34658,2
34659,2
34660,2
34661,2
34662,2
34663,2
34664,2
34665,2
34666,2
34667,2
34668,2
34669,2
34670,2
34671,2
34672,2
34673,2
34674,2
34675,2
34676,2
34677,2
34678,2
34679,2
34680,2
34681,2
34682,2
34683,2
34684,2
34685,2
34686,2
34687,2
34688,2
34689,2
34690,2
34691,2
34692,2
34693,2
34694,2
34695,2
34696,2
34697,2
34698,2
34699,2
34700,2
34701,2
34702,2
34703,2
34704,2
34705,2
34706,2
34707,2
34708,2
34709,2
34710,2
34711,2
34712,2
34713,2
34714,2
34715,2
34716,2
34717,2
34718,2
34719,2
34720,2
34721,2
34722,2
34723,2
34724,2
34725,2
34726,2
34727,2
34728,2
34729,2
34730,2
34731,2
34732,2
34733,2
34734,2
34735,2
34736,2
34737,2
34738,2
34739,2
34740,2
34741,2
34742,2
34743,2
34744,2
34745,2
34746,2
34747,2
34748,2
34749,2
34750,2
34751,2
34752,2
34753,2
34754,2
34755,2
34756,2
34757,2
34758,2
34759,2
34760,2
34761,2
34762,2
34763,2
34764,2
34765,2
34766,2
34767,2
34768,2
34769,2
34770,2
34771,2
34772,2
34773,2
34774,2
34775,2
34776,2
34777,2
34778,2
34779,2
34780,2
34781,2
34782,2
34783,2
34784,2
34785,2
34786,2
34787,2
34788,2
34789,2
34790,2
34791,2
34792,2
34793,2
34794,2
34795,2
34796,2
34797,2
34798,2
34799,2
34800,2
34801,2
34802,2
34803,2
34804,2
34805,2
34806,2
34807,2
34808,2
34809,2
34810,2
34811,2
34812,2
34813,2
34814,2
34815,2
34816,2
34817,2
34818,2
34819,2
34820,2
34821,2
34822,2
34823,2
34824,2
34825,2
34826,2
34827,2
34828,2
34829,2
34830,2
34831,2
34832,2
34833,2
34834,2
34835,2
34836,2
34837,2
34838,2
34839,2
34840,2
34841,2
34842,2
34843,2
34844,2
34845,2
34846,2
34847,2
34848,2
34849,2
34850,2
34851,2
34852,2
34853,2
34854,2
34855,2
34856,2
34857,2
34858,2
34859,2
34860,2
34861,2
34862,2
34863,2
34864,2
34865,2
34866,2
34867,2
34868,2
34869,2
34870,2
34871,2
34872,2
34873,2
34874,2
34875,2
34876,2
34877,2
34878,2
34879,2
34880,2
34881,2
34882,2
34883,2
34884,2
34885,2
34886,2
34887,2
34888,2
34889,2
34890,2
34891,2
34892,2
34893,2
34894,2
34895,2
34896,2
34897,2
34898,2
34899,2
34900,2
34901,2
34902,2
34903,2
34904,2
34905,2
34906,2
34907,2
34908,2
34909,2
34910,2
34911,2
34912,2
34913,2
34914,2
34915,2
34916,2
34917,2
34918,2
34919,2
34920,2
34921,2
34922,2
34923,2
34924,2
34925,2
34926,2
34927,2
34928,2
34929,2
34930,2
34931,2
34932,2
34933,2
34934,2
34935,2
34936,2
34937,2
34938,2
34939,2
34940,2
34941,2
34942,2
34943,2
34944,2
34945,2
34946,2
34947,2
34948,2
34949,2
34950,2
34951,2
34952,2
34953,2
34954,2
34955,2
34956,2
34957,2
34958,2
34959,2
34960,2
34961,2
34962,2
34963,2
34964,2
34965,2
34966,2
34967,2
34968,2
34969,2
34970,2
34971,2
34972,2
34973,2
34974,2
34975,2
34976,2
34977,2
34978,2
34979,2
34980,2
34981,2
34982,2
34983,2
34984,2
34985,2
34986,2
34987,2
34988,2
34989,2
34990,2
34991,2
34992,2
34993,2
34994,2
34995,2
34996,2
34997,2
34998,2
34999,2
35000,2
35001,2
35002,2
35003,2
35004,2
35005,2
35006,2
35007,2
35008,2
35009,2
35010,2
35011,2
35012,2
35013,2
35014,2
35015,2
35016,2
35017,2
35018,2
35019,2
35020,2
35021,2
35022,2
35023,2
35024,2
35025,2
35026,2
35027,2
35028,2
35029,2
35030,2
35031,2
35032,2
35033,2
35034,2
35035,2
35036,2
35037,2
35038,2
35039,2
35040,2
35041,2
35042,2
35043,2
35044,2
35045,2
35046,2
35047,2
35048,2
35049,2
35050,2
35051,2
35052,2
35053,2
35054,2
35055,2
35056,2
35057,2
35058,2
35059,2
35060,2
35061,2
35062,2
35063,2
35064,2
35065,2
35066,2
35067,2
35068,2
35069,2
35070,2
35071,2
35072,2
35073,2
35074,2
35075,2
35076,2
35077,2
35078,2
35079,2
35080,2
35081,2
35082,2
35083,2
35084,2
35085,2
35086,2
35087,2
35088,2
35089,2
35090,2
35091,2
35092,2
35093,2
35094,2
35095,2
35096,2
35097,2
35098,2
35099,2
35100,2
35101,2
35102,2
35103,2
35104,2
35105,2
35106,2
35107,2
35108,2
35109,2
35110,2
35111,2
35112,2
35113,2
35114,2
35115,2
35116,2
35117,2
35118,2
35119,2
35120,2
35121,2
35122,2
35123,2
35124,2
35125,2
35126,2
35127,2
35128,2
35129,2
35130,2
35131,2
35132,2
35133,2
35134,2
35135,2
35136,2
35137,2
35138,2
35139,2
35140,2
35141,2
35142,2
35143,2
35144,2
35145,2
35146,2
35147,2
35148,2
35149,2
35150,2
35151,2
35152,2
35153,2
35154,2
35155,2
35156,2
35157,2
35158,2
35159,2
35160,2
35161,2
35162,2
35163,2
35164,2
35165,2
35166,2
35167,2
35168,2
35169,2
35170,2
35171,2
35172,2
35173,2
35174,2
35175,2
35176,2
35177,2
35178,2
35179,2
35180,2
35181,2
35182,2
35183,2
35184,2
35185,2
35186,2
35187,2
35188,2
35189,2
35190,2
35191,2
35192,2
35193,2
35194,2
35195,2
35196,2
35197,2
35198,2
35199,2
35200,2
35201,2
35202,2
35203,2
35204,2
35205,2
35206,2
35207,2
35208,2
35209,2
35210,2
35211,2
35212,2
35213,2
35214,2
35215,2
35216,2
35217,2
35218,2
35219,2
35220,2
35221,2
35222,2
35223,2
35224,2
35225,2
35226,2
35227,2
35228,2
35229,2
35230,2
35231,2
35232,2
35233,2
35234,2
35235,2
35236,2
35237,2
35238,2
35239,2
35240,2
35241,2
35242,2
35243,2
35244,2
35245,2
35246,2
35247,2
35248,2
35249,2
35250,2
35251,2
35252,2
35253,2
35254,2
35255,2
35256,2
35257,2
35258,2
35259,2
35260,2
35261,2
35262,2
35263,2
35264,2
35265,2
35266,2
35267,2
35268,2
35269,2
35270,2
35271,2
35272,2
35273,2
35274,2
35275,2
35276,2
35277,2
35278,2
35279,2
35280,2
35281,2
35282,2
35283,2
35284,2
35285,2
35286,2
35287,2
35288,2
35289,2
35290,2
35291,2
35292,2
35293,2
35294,2
35295,2
35296,2
35297,2
35298,2
35299,2
35300,2
35301,2
35302,2
35303,2
35304,2
35305,2
35306,2
35307,2
35308,2
35309,2
35310,2
35311,2
35312,2
35313,2
35314,2
35315,2
35316,2
35317,2
35318,2
35319,2
35320,2
35321,2
35322,2
35323,2
35324,2
35325,2
35326,2
35327,2
35328,2
35329,2
35330,2
35331,2
35332,2
35333,2
35334,2
35335,2
35336,2
35337,2
35338,2
35339,2
35340,2
35341,2
35342,2
35343,2
35344,2
35345,2
35346,2
35347,2
35348,2
35349,2
35350,2
35351,2
35352,2
35353,2
35354,2
35355,2
35356,2
35357,2
35358,2
35359,2
35360,2
35361,2
35362,2
35363,2
35364,2
35365,2
35366,2
35367,2
35368,2
35369,2
35370,2
35371,2
35372,2
35373,2
35374,2
35375,2
35376,2
35377,2
35378,2
35379,2
35380,2
35381,2
35382,2
35383,2
35384,2
35385,2
35386,2
35387,2
35388,2
35389,2
35390,2
35391,2
35392,2
35393,2
35394,2
35395,2
35396,2
35397,2
35398,2
35399,2
35400,2
35401,-9
35402,-9
35403,-9
35404,-9
35405,-9
35406,-9
35407,-9
35408,-9
35409,-9
35410,-9
35411,-9
35412,-9
35413,-9
35414,-9
35415,-9
35416,-9
35417,-9
35418,-9
35419,-9
35420,-9
35421,-9
35422,-9
35423,-9
35424,-9
35425,-9
35426,-9
35427,-9
35428,-9
35429,-9
35430,-9
35431,-9
35432,-9
35433,-9
35434,-9
35435,-9
35436,-9
35437,-9
35438,-9
35439,-9
35440,-9
35441,-9
35442,-9
35443,-9
35444,-9
35445,-9
35446,-9
35447,-9
35448,-9
35449,-9
35450,-9
35451,-9
35452,-9
35453,-9
35454,-9
35455,-9
35456,-9
35457,-9
35458,-9
35459,-9
35460,-9
35461,-9
35462,-9
35463,-9
35464,-9
35465,-9
35466,-9
35467,-9
35468,-9
35469,-9
35470,-9
35471,-9
35472,-9
35473,-9
35474,-9
35475,-9
35476,-9
35477,-9
35478,-9
35479,-9
35480,-9
35481,-9
35482,-9
35483,-9
35484,-9
35485,-9
35486,-9
35487,-9
35488,-9
35489,-9
35490,-9
35491,-9
35492,-9
35493,-9
35494,-9
35495,-9
35496,-9
35497,-9
35498,-9
35499,-9
35500,-9
35501,-9
35502,-9
35503,-9
35504,-9
35505,-9
35506,-9
35507,-9
35508,-9
35509,-9
35510,-9
35511,-9
35512,-9
35513,-9
35514,-9
35515,-9
35516,-9
35517,-9
35518,-9
35519,-9
35520,-9
35521,-9
35522,-9
35523,-9
35524,-9
35525,-9
35526,-9
35527,-9
35528,-9
35529,-9
35530,-9
35531,-9
35532,-9
35533,-9
35534,-9
35535,-9
35536,-9
35537,-9
35538,-9
35539,-9
35540,-9
35541,-9
35542,-9
35543,-9
35544,-9
35545,-9
35546,-9
35547,-9
35548,-9
35549,-9
35550,-9
35551,-9
35552,-9
35553,-9
35554,-9
35555,-9
35556,-9
35557,-9
35558,-9
35559,-9
35560,-9
35561,-9
35562,-9
35563,-9
35564,-9
35565,-9
35566,-9
35567,-9
35568,-9
35569,-9
35570,-9
35571,-9
35572,-9
35573,-9
35574,-9
35575,-9
35576,-9
35577,-9
35578,-9
35579,-9
35580,-9
35581,-9
35582,-9
35583,-9
35584,-9
35585,-9
35586,-9
35587,-9
35588,-9
35589,-9
35590,-9
35591,-9
35592,-9
35593,-9
35594,-9
35595,-9
35596,-9
35597,-9
35598,-9
35599,-9
35600,-9
35601,-9
35602,-9
35603,-9
35604,-9
35605,-9
35606,-9
35607,-9
35608,-9
35609,-9
35610,-9
35611,-9
35612,-9
35613,-9
35614,-9
35615,-9
35616,-9
35617,-9
35618,-9
35619,-9
35620,-9
35621,-9
35622,-9
35623,-9
35624,-9
35625,-9
35626,-9
35627,-9
35628,-9
35629,-9
35630,-9
35631,-9
35632,-9
35633,-9
35634,-9
35635,-9
35636,-9
35637,-9
35638,-9
35639,-9
35640,-9
35641,-9
35642,-9
35643,-9
35644,-9
35645,-9
35646,-9
35647,-9
35648,-9
35649,-9
35650,-9
35651,-9
35652,-9
35653,-9
35654,-9
35655,-9
35656,-9
35657,-9
35658,-9
35659,-9
35660,-9
35661,-9
35662,-9
35663,-9
35664,-9
35665,-9
35666,-9
35667,-9
35668,-9
35669,-9
35670,-9
35671,-9
35672,-9
35673,-9
35674,-9
35675,-9
35676,-9
35677,-9
35678,-9
35679,-9
35680,-9
35681,-9
35682,-9
35683,-9
35684,-9
35685,-9
35686,-9
35687,-9
35688,-9
35689,-9
35690,-9
35691,-9
35692,-9
35693,-9
35694,-9
35695,-9
35696,-9
35697,-9
35698,-9
35699,-9
35700,-9
35701,-9
35702,-9
35703,-9
35704,-9
35705,-9
35706,-9
35707,-9
35708,-9
35709,-9
35710,-9
35711,-9
35712,-9
35713,-9
35714,-9
35715,-9
35716,-9
35717,-9
35718,-9
35719,-9
35720,-9
35721,-9
35722,-9
35723,-9
35724,-9
35725,-9
35726,-9
35727,-9
35728,-9
35729,-9
35730,-9
35731,-9
35732,-9
35733,-9
35734,-9
35735,-9
35736,-9
35737,-9
35738,-9
35739,-9
35740,-9
35741,-9
35742,-9
35743,-9
35744,-9
35745,-9
35746,-9
35747,-9
35748,-9
35749,-9
35750,-9
35751,-9
35752,-9
35753,-9
35754,-9
35755,-9
35756,-9
35757,-9
35758,-9
35759,-9
35760,-9
35761,-9
35762,-9
35763,-9
35764,-9
35765,-9
35766,-9
35767,-9
35768,-9
35769,-9
35770,-9
35771,-9
35772,-9
35773,-9
35774,-9
35775,-9
35776,-9
35777,-9
35778,-9
35779,-9
35780,-9
35781,-9
35782,-9
35783,-9
35784,-9
35785,-9
35786,-9
35787,-9
35788,-9
35789,-9
35790,-9
35791,-9
35792,-9
35793,-9
35794,-9
35795,-9
35796,-9
35797,-9
35798,-9
35799,-9
35800,-9
35801,-9
35802,-9
35803,-9
35804,-9
35805,-9
35806,-9
35807,-9
35808,-9
35809,-9
35810,-9
35811,-9
35812,-9
35813,-9
35814,-9
35815,-9
35816,-9
35817,-9
35818,-9
35819,-9
35820,-9
35821,-9
35822,-9
35823,-9
35824,-9
35825,-9
35826,-9
35827,-9
35828,-9
35829,-9
35830,-9
35831,-9
35832,-9
35833,-9
35834,-9
35835,-9
35836,-9
35837,-9
35838,-9
35839,-9
35840,-9
35841,-9
35842,-9
35843,-9
35844,-9
35845,-9
35846,-9
35847,-9
35848,-9
35849,-9
35850,-9
35851,-9
35852,-9
35853,-9
35854,-9
35855,-9
35856,-9
35857,-9
35858,-9
35859,-9
35860,-9
35861,-9
35862,-9
35863,-9
35864,-9
35865,-9
35866,-9
35867,-9
35868,-9
35869,-9
35870,-9
35871,-9
35872,-9
35873,-9
35874,-9
35875,-9
35876,-9
35877,-9
35878,-9
35879,-9
35880,-9
35881,-9
35882,-9
35883,-9
35884,-9
35885,-9
35886,-9
35887,-9
35888,-9
35889,-9
35890,-9
35891,-9
35892,-9
35893,-9
35894,-9
35895,-9
35896,-9
35897,-9
35898,-9
35899,-9
35900,-9
35901,-9
35902,-9
35903,-9
35904,-9
35905,-9
35906,-9
35907,-9
35908,-9
35909,-9
35910,-9
35911,-9
35912,-9
35913,-9
35914,-9
35915,-9
35916,-9
35917,-9
35918,-9
35919,-9
35920,-9
35921,-9
35922,-9
35923,-9
35924,-9
35925,-9
35926,-9
35927,-9
35928,-9
35929,-9
35930,-9
35931,-9
35932,-9
35933,-9
35934,-9
35935,-9
35936,-9
35937,-9
35938,-9
35939,-9
35940,-9
35941,-9
35942,-9
35943,-9
35944,-9
35945,-9
35946,-9
35947,-9
35948,2
35949,2
35950,2
35951,2
35952,2
35953,2
35954,2
35955,2
35956,2
35957,2
35958,2
35959,2
35960,2
35961,2
35962,2
35963,2
35964,2
35965,2
35966,2
35967,2
35968,2
35969,2
35970,2
35971,2
35972,2
35973,2
35974,2
35975,2
35976,2
35977,2
35978,2
35979,2
35980,2
35981,2
35982,2
35983,2
35984,2
35985,2
35986,2
35987,2
35988,2
35989,2
35990,2
35991,2
35992,2
35993,2
35994,2
35995,2
35996,2
35997,2
35998,2
35999,2
36000,2
36001,2
36002,2
36003,2
36004,2
36005,2
36006,2
36007,2
36008,2
36009,2
36010,2
36011,2
36012,2
36013,2
36014,2
36015,2
36016,2
36017,2
36018,2
36019,2
36020,2
36021,2
36022,2
36023,2
36024,2
36025,2
36026,2
36027,2
36028,2
36029,2
36030,2
36031,2
36032,2
36033,2
36034,2
36035,2
36036,2
36037,2
36038,2
36039,2
36040,2
36041,2
36042,2
36043,2
36044,2
36045,2
36046,2
36047,2
36048,2
36049,2
36050,2
36051,2
36052,2
36053,2
36054,2
36055,2
36056,2
36057,2
36058,2
36059,2
36060,2
36061,2
36062,2
36063,2
36064,2
36065,2
36066,2
36067,2
36068,2
36069,2
36070,2
36071,2
36072,2
36073,2
36074,2
36075,2
36076,2
36077,2
36078,2
36079,2
36080,2
36081,2
36082,2
36083,2
36084,2
36085,2
36086,2
36087,2
36088,2
36089,2
36090,2
36091,2
36092,2
36093,2
36094,2
36095,2
36096,2
36097,2
36098,2
36099,2
36100,2
36101,2
36102,2
36103,2
36104,2
36105,2
36106,2
36107,2
36108,2
36109,2
36110,2
36111,2
36112,2
36113,2
36114,2
36115,2
36116,2
36117,2
36118,2
36119,2
36120,2
36121,2
36122,2
36123,2
36124,2
36125,2
36126,2
36127,2
36128,2
36129,2
36130,2
36131,2
36132,2
36133,2
36134,2
36135,2
36136,2
36137,2
36138,2
36139,2
36140,2
36141,2
36142,2
36143,2
36144,2
36145,2
36146,2
36147,2
36148,2
36149,2
36150,2
36151,2
36152,2
36153,2
36154,2
36155,2
36156,2
36157,2
36158,2
36159,2
36160,2
36161,2
36162,2
36163,2
36164,2
36165,2
36166,2
36167,2
36168,2
36169,2
36170,2
36171,2
36172,2
36173,2
36174,2
36175,2
36176,2
36177,2
36178,2
36179,2
36180,2
36181,2
36182,2
36183,2
36184,2
36185,2
36186,2
36187,2
36188,2
36189,2
36190,2
36191,2
36192,2
36193,2
36194,2
36195,2
36196,2
36197,2
36198,2
36199,2
36200,2
36201,2
36202,2
36203,2
36204,2
36205,2
36206,2
36207,2
36208,2
36209,2
36210,2
36211,2
36212,2
36213,2
36214,2
36215,2
36216,2
36217,2
36218,2
36219,2
36220,2
36221,2
36222,2
36223,2
36224,2
36225,2
36226,2
36227,2
36228,2
36229,2
36230,2
36231,2
36232,2
36233,2
36234,2
36235,2
36236,2
36237,2
36238,2
36239,2
36240,2
36241,2
36242,2
36243,2
36244,2
36245,2
36246,2
36247,2
36248,2
36249,2
36250,2
36251,2
36252,2
36253,2
36254,2
36255,2
36256,2
36257,2
36258,2
36259,2
36260,2
36261,2
36262,2
36263,2
36264,2
36265,2
36266,2
36267,2
36268,2
36269,2
36270,2
36271,2
36272,2
36273,2
36274,2
36275,2
36276,2
36277,2
36278,2
36279,2
36280,2
36281,2
36282,2
36283,2
36284,2
36285,2
36286,2
36287,2
36288,2
36289,2
36290,2
36291,2
36292,2
36293,2
36294,2
36295,2
36296,2
36297,2
36298,2
36299,2
36300,2
36301,2
36302,2
36303,2
36304,2
36305,2
36306,2
36307,2
36308,2
36309,2
36310,2
36311,2
36312,2
36313,2
36314,2
36315,2
36316,2
36317,2
36318,2
36319,2
36320,2
36321,2
36322,2
36323,2
36324,2
36325,2
36326,2
36327,2
36328,2
36329,2
36330,2
36331,2
36332,2
36333,2
36334,2
36335,2
36336,2
36337,2
36338,2
36339,2
36340,2
36341,2
36342,2
36343,2
36344,2
36345,2
36346,2
36347,2
36348,2
36349,2
36350,2
36351,2
36352,2
36353,2
36354,2
36355,2
36356,2
36357,2
36358,2
36359,2
36360,2
36361,2
36362,2
36363,2
36364,2
36365,2
36366,2
36367,2
36368,2
36369,2
36370,2
36371,2
36372,2
36373,2
36374,2
36375,2
36376,2
36377,2
36378,2
36379,2
36380,2
36381,2
36382,2
36383,2
36384,2
36385,2
36386,2
36387,2
36388,2
36389,2
36390,2
36391,2
36392,2
36393,2
36394,2
36395,2
36396,2
36397,2
36398,2
36399,2
36400,2
36401,2
36402,2
36403,2
36404,2
36405,2
36406,2
36407,2
36408,2
36409,2
36410,2
36411,2
36412,2
36413,2
36414,2
36415,2
36416,2
36417,2
36418,2
36419,2
36420,2
36421,2
36422,2
36423,2
36424,2
36425,2
36426,2
36427,2
36428,2
36429,2
36430,2
36431,2
36432,2
36433,2
36434,2
36435,2
36436,2
36437,2
36438,2
36439,2
36440,2
36441,2
36442,2
36443,2
36444,2
36445,2
36446,2
36447,2
36448,2
36449,2
36450,2
36451,2
36452,2
36453,2
36454,2
36455,2
36456,2
36457,2
36458,2
36459,2
36460,2
36461,2
36462,2
36463,2
36464,2
36465,2
36466,2
36467,2
36468,2
36469,2
36470,2
36471,2
36472,2
36473,2
36474,2
36475,2
36476,2
36477,2
36478,2
36479,2
36480,2
36481,2
36482,2
36483,2
36484,2
36485,2
36486,2
36487,2
36488,2
36489,2
36490,2
36491,2
36492,2
36493,2
36494,2
36495,2
36496,2
36497,2
36498,2
36499,2
36500,2
36501,2
36502,2
36503,2
36504,2
36505,2
36506,2
36507,2
36508,2
36509,2
36510,2
36511,2
36512,2
36513,2
36514,2
36515,2
36516,2
36517,2
36518,2
36519,2
36520,2
36521,2
36522,2
36523,2
36524,2
36525,2
36526,2
36527,2
36528,2
36529,2
36530,2
36531,2
36532,2
36533,2
36534,2
36535,2
36536,2
36537,2
36538,2
36539,2
36540,2
36541,2
36542,2
36543,2
36544,2
36545,2
36546,2
36547,2
36548,2
36549,2
36550,2
36551,2
36552,2
36553,2
36554,2
36555,2
36556,2
36557,2
36558,2
36559,2
36560,2
36561,2
36562,2
36563,2
36564,2
36565,2
36566,2
36567,2
36568,2
36569,2
36570,2
36571,2
36572,2
36573,2
36574,2
36575,2
36576,2
36577,2
36578,2
36579,2
36580,2
36581,2
36582,2
36583,2
36584,2
36585,2
36586,2
36587,2
36588,2
36589,2
36590,2
36591,2
36592,2
36593,2
36594,2
36595,2
36596,2
36597,2
36598,2
36599,2
36600,2
36601,2
36602,2
36603,2
36604,2
36605,2
36606,2
36607,2
36608,2
36609,2
36610,2
36611,2
36612,2
36613,2
36614,2
36615,2
36616,2
36617,2
36618,2
36619,2
36620,2
36621,2
36622,2
36623,2
36624,2
36625,2
36626,2
36627,2
36628,2
36629,2
36630,2
36631,2
36632,2
36633,2
36634,2
36635,2
36636,2
36637,2
36638,2
36639,2
36640,2
36641,2
36642,2
36643,2
36644,2
36645,2
36646,2
36647,2
36648,2
36649,2
36650,2
36651,2
36652,2
36653,2
36654,2
36655,2
36656,2
36657,2
36658,2
36659,2
36660,2
36661,2
36662,2
36663,2
36664,2
36665,2
36666,2
36667,2
36668,2
36669,2
36670,2
36671,2
36672,2
36673,2
36674,2
36675,2
36676,2
36677,2
36678,2
36679,2
36680,2
36681,2
36682,2
36683,2
36684,2
36685,2
36686,2
36687,2
36688,2
36689,2
36690,2
36691,2
36692,2
36693,2
36694,2
36695,2
36696,2
36697,2
36698,2
36699,2
36700,2
36701,2
36702,2
36703,2
36704,2
36705,2
36706,2
36707,2
36708,2
36709,2
36710,2
36711,2
36712,2
36713,2
36714,2
36715,2
36716,2
36717,2
36718,2
36719,2
36720,2
36721,2
36722,2
36723,2
36724,2
36725,2
36726,2
36727,2
36728,2
36729,2
36730,2
36731,2
36732,2
36733,2
36734,2
36735,2
36736,2
36737,2
36738,2
36739,2
36740,2
36741,2
36742,2
36743,2
36744,2
36745,2
36746,2
36747,2
36748,2
36749,2
36750,2
36751,2
36752,2
36753,2
36754,2
36755,2
36756,2
36757,2
36758,2
36759,2
36760,2
36761,2
36762,2
36763,2
36764,2
36765,2
36766,2
36767,2
36768,2
36769,2
36770,2
36771,2
36772,2
36773,2
36774,2
36775,2
36776,2
36777,2
36778,2
36779,2
36780,2
36781,2
36782,2
36783,2
36784,2
36785,2
36786,2
36787,2
36788,2
36789,2
36790,2
36791,2
36792,2
36793,2
36794,2
36795,2
36796,2
36797,2
36798,2
36799,2
36800,2
36801,2
36802,2
36803,2
36804,2
36805,2
36806,2
36807,2
36808,2
36809,2
36810,2
36811,2
36812,2
36813,2
36814,2
36815,2
36816,2
36817,2
36818,2
36819,2
36820,2
36821,2
36822,2
36823,2
36824,2
36825,2
36826,2
36827,2
36828,2
36829,2
36830,2
36831,2
36832,2
36833,2
36834,2
36835,2
36836,2
36837,2
36838,2
36839,2
36840,2
36841,2
36842,2
36843,2
36844,2
36845,2
36846,2
36847,2
36848,2
36849,2
36850,2
36851,2
36852,2
36853,2
36854,2
36855,2
36856,2
36857,2
36858,2
36859,2
36860,2
36861,2
36862,2
36863,2
36864,2
36865,2
36866,2
36867,2
36868,2
36869,2
36870,2
36871,2
36872,2
36873,2
36874,2
36875,2
36876,2
36877,2
36878,2
36879,2
36880,2
36881,2
36882,2
36883,2
36884,2
36885,2
36886,2
36887,2
36888,2
36889,2
36890,2
36891,2
36892,2
36893,2
36894,2
36895,2
36896,2
36897,2
36898,2
36899,2
36900,2
36901,2
36902,2
36903,2
36904,2
36905,2
36906,2
36907,2
36908,2
36909,2
36910,2
36911,2
36912,2
36913,2
36914,2
36915,2
36916,2
36917,2
36918,2
36919,2
36920,2
36921,2
36922,2
36923,2
36924,2
36925,2
36926,2
36927,2
36928,2
36929,2
36930,2
36931,2
36932,2
36933,2
36934,2
36935,2
36936,2
36937,2
36938,2
36939,2
36940,2
36941,2
36942,2
36943,2
36944,2
36945,2
36946,2
36947,2
36948,2
36949,2
36950,2
36951,2
36952,2
36953,2
36954,2
36955,2
36956,2
36957,2
36958,2
36959,2
36960,2
36961,2
36962,2
36963,2
36964,2
36965,2
36966,2
36967,2
36968,2
36969,2
36970,2
36971,2
36972,2
36973,2
36974,2
36975,2
36976,2
36977,2
36978,2
36979,2
36980,2
36981,2
36982,2
36983,2
36984,2
36985,2
36986,2
36987,2
36988,2
36989,2
36990,2
36991,2
36992,2
36993,2
36994,2
36995,2
36996,2
36997,2
36998,2
36999,2
37000,2
37001,2
37002,2
37003,2
37004,2
37005,2
37006,2
37007,2
37008,2
37009,2
37010,2
37011,2
37012,2
37013,2
37014,2
37015,2
37016,2
37017,2
37018,2
37019,2
37020,2
37021,2
37022,2
37023,2
37024,2
37025,2
37026,2
37027,2
37028,2
37029,2
37030,2
37031,2
37032,2
37033,2
37034,2
37035,2
37036,2
37037,2
37038,2
37039,2
37040,2
37041,2
37042,2
37043,2
37044,2
37045,2
37046,2
37047,2
37048,2
37049,2
37050,2
37051,2
37052,2
37053,2
37054,2
37055,2
37056,2
37057,2
37058,2
37059,2
37060,2
37061,2
37062,2
37063,2
37064,2
37065,2
37066,2
37067,2
37068,2
37069,2
37070,2
37071,2
37072,2
37073,2
37074,2
37075,2
37076,2
37077,2
37078,2
37079,2
37080,2
37081,2
37082,2
37083,2
37084,2
37085,2
37086,2
37087,2
37088,2
37089,2
37090,2
37091,2
37092,2
37093,2
37094,2
37095,2
37096,2
37097,2
37098,2
37099,2
37100,2
37101,2
37102,2
37103,2
37104,2
37105,2
37106,2
37107,2
37108,2
37109,2
37110,2
37111,2
37112,2
37113,2
37114,2
37115,2
37116,2
37117,2
37118,2
37119,2
37120,2
37121,2
37122,2
37123,2
37124,2
37125,2
37126,2
37127,2
37128,2
37129,2
37130,2
37131,2
37132,2
37133,2
37134,2
37135,2
37136,2
37137,2
37138,2
37139,2
37140,2
37141,2
37142,2
37143,2
37144,2
37145,2
37146,2
37147,2
37148,2
37149,2
37150,2
37151,2
37152,2
37153,2
37154,2
37155,2
37156,2
37157,2
37158,2
37159,2
37160,2
37161,2
37162,2
37163,2
37164,2
37165,2
37166,2
37167,2
37168,2
37169,2
37170,2
37171,2
37172,2
37173,2
37174,2
37175,2
37176,2
37177,2
37178,2
37179,2
37180,2
37181,2
37182,2
37183,2
37184,2
37185,2
37186,2
37187,2
37188,2
37189,2
37190,2
37191,2
37192,2
37193,2
37194,2
37195,2
37196,2
37197,2
37198,2
37199,2
37200,2
37201,2
37202,2
37203,2
37204,2
37205,2
37206,2
37207,2
37208,2
37209,2
37210,2
37211,2
37212,2
37213,2
37214,2
37215,2
37216,2
37217,2
37218,2
37219,2
37220,2
37221,2
37222,2
37223,2
37224,2
37225,2
37226,2
37227,2
37228,2
37229,2
37230,2
37231,2
37232,2
37233,2
37234,2
37235,2
37236,2
37237,2
37238,2
37239,2
37240,2
37241,2
37242,2
37243,2
37244,2
37245,2
37246,2
37247,2
37248,2
37249,2
37250,2
37251,2
37252,2
37253,2
37254,2
37255,2
37256,2
37257,2
37258,2
37259,2
37260,2
37261,2
37262,2
37263,2
37264,2
37265,2
37266,2
37267,2
37268,2
37269,2
37270,2
37271,2
37272,2
37273,2
37274,2
37275,2
37276,2
37277,2
37278,2
37279,2
37280,2
37281,2
37282,2
37283,2
37284,2
37285,2
37286,2
37287,2
37288,2
37289,2
37290,2
37291,2
37292,2
37293,2
37294,2
37295,2
37296,2
37297,2
37298,2
37299,2
37300,2
37301,2
37302,2
37303,2
37304,2
37305,2
37306,2
37307,2
37308,2
37309,2
37310,2
37311,2
37312,2
37313,2
37314,2
37315,2
37316,2
37317,2
37318,2
37319,2
37320,2
37321,2
37322,2
37323,2
37324,2
37325,2
37326,2
37327,2
37328,2
37329,2
37330,2
37331,2
37332,2
37333,2
37334,2
37335,2
37336,2
37337,2
37338,2
37339,2
37340,2
37341,2
37342,2
37343,2
37344,2
37345,2
37346,2
37347,2
37348,2
37349,2
37350,2
37351,2
37352,2
37353,2
37354,2
37355,2
37356,2
37357,2
37358,2
37359,2
37360,2
37361,2
37362,2
37363,2
37364,2
37365,2
37366,2
37367,2
37368,2
37369,2
37370,2
37371,2
37372,2
37373,2
37374,2
37375,2
37376,2
37377,2
37378,2
37379,2
37380,2
37381,2
37382,2
37383,2
37384,2
37385,2
37386,2
37387,2
37388,2
37389,2
37390,2
37391,2
37392,2
37393,2
37394,2
37395,2
37396,2
37397,2
37398,2
37399,2
37400,2
37401,2
37402,2
37403,2
37404,2
37405,2
37406,2
37407,2
37408,2
37409,2
37410,2
37411,2
37412,2
37413,2
37414,2
37415,2
37416,2
37417,2
37418,2
37419,2
37420,2
37421,2
37422,2
37423,2
37424,2
37425,2
37426,2
37427,2
37428,2
37429,2
37430,2
37431,2
37432,2
37433,2
37434,2
37435,2
37436,2
37437,2
37438,2
37439,2
37440,2
37441,2
37442,2
37443,2
37444,2
37445,2
37446,2
37447,2
37448,2
37449,2
37450,2
37451,2
37452,2
37453,2
37454,2
37455,2
37456,2
37457,2
37458,2
37459,2
37460,2
37461,2
37462,2
37463,2
37464,2
37465,2
37466,2
37467,2
37468,2
37469,2
37470,2
37471,2
37472,2
37473,2
37474,2
37475,2
37476,2
37477,2
37478,2
37479,2
37480,2
37481,2
37482,2
37483,2
37484,2
37485,2
37486,2
37487,2
37488,2
37489,2
37490,2
37491,2
37492,2
37493,2
37494,2
37495,2
37496,2
37497,2
37498,2
37499,2
37500,2
37501,2
37502,2
37503,2
37504,2
37505,2
37506,2
37507,2
37508,2
37509,2
37510,2
37511,2
37512,2
37513,2
37514,2
37515,2
37516,2
37517,2
37518,2
37519,2
37520,2
37521,2
37522,2
37523,2
37524,2
37525,2
37526,2
37527,2
37528,2
37529,2
37530,2
37531,2
37532,2
37533,2
37534,2
37535,2
37536,2
37537,2
37538,2
37539,2
37540,2
37541,2
37542,2
37543,2
37544,2
37545,2
37546,2
37547,2
37548,2
37549,2
37550,2
37551,2
37552,2
37553,2
37554,2
37555,2
37556,2
37557,2
37558,2
37559,2
37560,2
37561,2
37562,2
37563,2
37564,2
37565,2
37566,2
37567,2
37568,2
37569,2
37570,2
37571,2
37572,2
37573,2
37574,2
37575,2
37576,2
37577,2
37578,2
37579,2
37580,2
37581,2
37582,2
37583,2
37584,2
37585,2
37586,2
37587,2
37588,2
37589,2
37590,2
37591,2
37592,2
37593,2
37594,2
37595,2
37596,2
37597,2
37598,2
37599,2
37600,2
37601,2
37602,2
37603,2
37604,2
37605,2
37606,2
37607,2
37608,2
37609,2
37610,2
37611,2
37612,2
37613,2
37614,2
37615,2
37616,2
37617,2
37618,2
37619,2
37620,2
37621,2
37622,2
37623,2
37624,2
37625,2
37626,2
37627,2
37628,2
37629,2
37630,2
37631,2
37632,2
37633,2
37634,2
37635,2
37636,2
37637,2
37638,2
37639,2
37640,2
37641,2
37642,2
37643,2
37644,2
37645,2
37646,-9
37647,-9
37648,-9
37649,-9
37650,-9
37651,-9
37652,-9
37653,-9
37654,-9
37655,-9
37656,-9
37657,-9
37658,-9
37659,-9
37660,-9
37661,-9
37662,-9
37663,-9
37664,-9
37665,-9
37666,-9
37667,-9
37668,-9
37669,-9
37670,-9
37671,-9
37672,-9
37673,-9
37674,-9
37675,-9
37676,-9
37677,-9
37678,-9
37679,-9
37680,-9
37681,-9
37682,-9
37683,-9
37684,-9
37685,-9
37686,-9
37687,-9
37688,-9
37689,-9
37690,-9
37691,-9
37692,-9
37693,-9
37694,-9
37695,-9
37696,-9
37697,-9
37698,-9
37699,-9
37700,-9
37701,-9
37702,-9
37703,-9
37704,-9
37705,-9
37706,-9
37707,-9
37708,-9
37709,-9
37710,-9
37711,-9
37712,-9
37713,-9
37714,-9
37715,-9
37716,-9
37717,-9
37718,-9
37719,-9
37720,-9
37721,-9
37722,-9
37723,-9
37724,-9
37725,-9
37726,-9
37727,-9
37728,-9
37729,-9
37730,-9
37731,-9
37732,-9
37733,-9
37734,-9
37735,-9
37736,-9
37737,-9
37738,-9
37739,-9
37740,-9
37741,-9
37742,-9
37743,-9
37744,-9
37745,-9
37746,-9
37747,-9
37748,-9
37749,-9
37750,-9
37751,-9
37752,-9
37753,-9
37754,-9
37755,-9
37756,-9
37757,-9
37758,-9
37759,-9
37760,-9
37761,-9
37762,-9
37763,-9
37764,-9
37765,-9
37766,-9
37767,-9
37768,-9
37769,-9
37770,-9
37771,-9
37772,-9
37773,-9
37774,-9
37775,-9
37776,-9
37777,-9
37778,-9
37779,-9
37780,-9
37781,-9
37782,-9
37783,-9
37784,-9
37785,-9
37786,-9
37787,-9
37788,-9
37789,-9
37790,-9
37791,-9
37792,-9
37793,-9
37794,-9
37795,-9
37796,-9
37797,-9
37798,-9
37799,-9
37800,-9
37801,-9
37802,-9
37803,-9
37804,-9
37805,-9
37806,-9
37807,-9
37808,-9
37809,-9
37810,-9
37811,-9
37812,-9
37813,-9
37814,-9
37815,-9
37816,-9
37817,-9
37818,-9
37819,-9
37820,-9
37821,-9
37822,-9
37823,-9
37824,-9
37825,-9
37826,-9
37827,-9
37828,-9
37829,-9
37830,-9
37831,-9
37832,-9
37833,-9
37834,-9
37835,-9
37836,-9
37837,-9
37838,-9
37839,-9
37840,-9
37841,-9
37842,-9
37843,-9
37844,-9
37845,-9
37846,-9
37847,-9
37848,-9
37849,-9
37850,-9
37851,-9
37852,-9
37853,-9
37854,-9
37855,-9
37856,-9
37857,-9
37858,-9
37859,-9
37860,-9
37861,-9
37862,-9
37863,-9
37864,-9
37865,-9
37866,-9
37867,-9
37868,-9
37869,-9
37870,-9
37871,-9
37872,-9
37873,-9
37874,-9
37875,-9
37876,-9
37877,-9
37878,-9
37879,-9
37880,-9
37881,-9
37882,-9
37883,-9
37884,-9
37885,-9
37886,-9
37887,-9
37888,-9
37889,-9
37890,-9
37891,-9
37892,-9
37893,-9
37894,-9
37895,-9
37896,-9
37897,-9
37898,-9
37899,-9
37900,-9
37901,-9
37902,-9
37903,-9
37904,-9
37905,-9
37906,-9
37907,-9
37908,-9
37909,-9
37910,-9
37911,-9
37912,-9
37913,-9
37914,-9
37915,-9
37916,-9
37917,-9
37918,-9
37919,-9
37920,2
37921,2
37922,2
37923,2
37924,2
37925,2
37926,2
37927,2
37928,2
37929,2
37930,2
37931,2
37932,2
37933,2
37934,2
37935,2
37936,2
37937,2
37938,2
37939,2
37940,2
37941,2
37942,2
37943,2
37944,2
37945,2
37946,2
37947,2
37948,2
37949,2
37950,2
37951,2
37952,2
37953,2
37954,2
37955,2
37956,2
37957,2
37958,2
37959,2
37960,2
37961,2
37962,2
37963,2
37964,2
37965,2
37966,2
37967,2
37968,2
37969,2
37970,2
37971,2
37972,2
37973,2
37974,2
37975,2
37976,2
37977,2
37978,2
37979,2
37980,2
37981,2
37982,2
37983,2
37984,2
37985,2
37986,2
37987,2
37988,2
37989,2
37990,2
37991,2
37992,2
37993,2
37994,2
37995,2
37996,2
37997,2
37998,2
37999,2
38000,2
38001,2
38002,2
38003,2
38004,2
38005,2
38006,2
38007,2
38008,2
38009,2
38010,2
38011,2
38012,2
38013,2
38014,2
38015,2
38016,2
38017,2
38018,2
38019,2
38020,2
38021,2
38022,2
38023,2
38024,2
38025,2
38026,2
38027,2
38028,2
38029,2
38030,2
38031,2
38032,2
38033,2
38034,2
38035,2
38036,2
38037,2
38038,2
38039,2
38040,2
38041,2
38042,2
38043,2
38044,2
38045,2
38046,2
38047,2
38048,2
38049,2
38050,2
38051,2
38052,2
38053,2
38054,2
38055,2
38056,2
38057,2
38058,2
38059,2
38060,2
38061,2
38062,2
38063,2
38064,2
38065,2
38066,2
38067,2
38068,2
38069,2
38070,2
38071,2
38072,2
38073,2
38074,2
38075,2
38076,2
38077,2
38078,2
38079,2
38080,2
38081,2
38082,2
38083,2
38084,2
38085,2
38086,2
38087,2
38088,2
38089,2
38090,2
38091,2
38092,2
38093,2
38094,2
38095,2
38096,2
38097,2
38098,2
38099,2
38100,2
38101,2
38102,2
38103,2
38104,2
38105,2
38106,2
38107,2
38108,2
38109,2
38110,2
38111,2
38112,2
38113,2
38114,2
38115,2
38116,2
38117,2
38118,2
38119,2
38120,2
38121,2
38122,2
38123,2
38124,2
38125,2
38126,2
38127,2
38128,2
38129,2
38130,2
38131,2
38132,2
38133,2
38134,2
38135,2
38136,2
38137,2
38138,2
38139,2
38140,2
38141,2
38142,2
38143,2
38144,2
38145,2
38146,2
38147,2
38148,2
38149,2
38150,2
38151,2
38152,2
38153,2
38154,2
38155,2
38156,2
38157,2
38158,2
38159,2
38160,2
38161,2
38162,2
38163,2
38164,2
38165,2
38166,2
38167,2
38168,2
38169,2
38170,2
38171,2
38172,2
38173,2
38174,2
38175,2
38176,2
38177,2
38178,2
38179,2
38180,2
38181,2
38182,2
38183,2
38184,2
38185,2
38186,2
38187,2
38188,2
38189,2
38190,2
38191,2
38192,2
38193,2
38194,2
38195,2
38196,2
38197,2
38198,2
38199,2
38200,2
38201,2
38202,2
38203,2
38204,2
38205,2
38206,2
38207,2
38208,2
38209,2
38210,2
38211,2
38212,2
38213,2
38214,2
38215,2
38216,2
38217,2
38218,2
38219,2
38220,2
38221,2
38222,2
38223,2
38224,2
38225,2
38226,2
38227,2
38228,2
38229,2
38230,2
38231,2
38232,2
38233,2
38234,2
38235,2
38236,2
38237,2
38238,2
38239,2
38240,2
38241,2
38242,2
38243,2
38244,2
38245,2
38246,2
38247,2
38248,2
38249,2
38250,2
38251,2
38252,2
38253,2
38254,2
38255,2
38256,2
38257,2
38258,2
38259,2
38260,2
38261,2
38262,2
38263,2
38264,2
38265,2
38266,2
38267,2
38268,2
38269,2
38270,2
38271,2
38272,2
38273,2
38274,2
38275,2
38276,2
38277,2
38278,2
38279,2
38280,2
38281,2
38282,2
38283,2
38284,2
38285,2
38286,2
38287,2
38288,2
38289,2
38290,2
38291,2
38292,2
38293,2
38294,2
38295,2
38296,2
38297,2
38298,2
38299,2
38300,2
38301,2
38302,2
38303,2
38304,2
38305,2
38306,2
38307,2
38308,2
38309,2
38310,2
38311,2
38312,2
38313,2
38314,2
38315,2
38316,2
38317,2
38318,2
38319,2
38320,2
38321,2
38322,2
38323,2
38324,2
38325,2
38326,2
38327,2
38328,2
38329,2
38330,2
38331,2
38332,2
38333,2
38334,2
38335,2
38336,2
38337,2
38338,2
38339,2
38340,2
38341,2
38342,2
38343,2
38344,2
38345,2
38346,2
38347,2
38348,2
38349,2
38350,2
38351,2
38352,2
38353,2
38354,2
38355,2
38356,2
38357,2
38358,2
38359,2
38360,2
38361,2
38362,2
38363,2
38364,2
38365,2
38366,2
38367,2
38368,2
38369,2
38370,2
38371,2
38372,2
38373,2
38374,2
38375,2
38376,2
38377,2
38378,2
38379,2
38380,2
38381,2
38382,2
38383,2
38384,2
38385,2
38386,2
38387,2
38388,2
38389,2
38390,2
38391,2
38392,2
38393,2
38394,2
38395,2
38396,2
38397,2
38398,2
38399,2
38400,2
38401,2
38402,2
38403,2
38404,2
38405,2
38406,2
38407,2
38408,2
38409,2
38410,2
38411,2
38412,2
38413,2
38414,2
38415,2
38416,2
38417,2
38418,2
38419,2
38420,2
38421,2
38422,2
38423,2
38424,2
38425,2
38426,2
38427,2
38428,2
38429,2
38430,2
38431,2
38432,2
38433,2
38434,2
38435,2
38436,2
38437,2
38438,2
38439,2
38440,2
38441,2
38442,2
38443,2
38444,2
38445,2
38446,2
38447,2
38448,2
38449,2
38450,2
38451,2
38452,2
38453,2
38454,2
38455,2
38456,2
38457,2
38458,2
38459,2
38460,2
38461,2
38462,2
38463,2
38464,2
38465,2
38466,2
38467,2
38468,2
38469,2
38470,2
38471,2
38472,2
38473,2
38474,2
38475,2
38476,2
38477,2
38478,2
38479,2
38480,2
38481,2
38482,2
38483,2
38484,2
38485,2
38486,2
38487,2
38488,2
38489,2
38490,2
38491,2
38492,2
38493,2
38494,2
38495,2
38496,2
38497,2
38498,2
38499,2
38500,2
38501,2
38502,2
38503,2
38504,2
38505,2
38506,2
38507,2
38508,2
38509,2
38510,2
38511,2
38512,2
38513,2
38514,2
38515,2
38516,2
38517,2
38518,2
38519,2
38520,2
38521,2
38522,2
38523,2
38524,2
38525,2
38526,2
38527,2
38528,2
38529,2
38530,2
38531,2
38532,2
38533,2
38534,2
38535,2
38536,2
38537,2
38538,2
38539,2
38540,2
38541,2
38542,2
38543,2
38544,2
38545,2
38546,2
38547,2
38548,2
38549,2
38550,2
38551,2
38552,2
38553,2
38554,2
38555,2
38556,2
38557,2
38558,2
38559,2
38560,2
38561,2
38562,2
38563,2
38564,2
38565,2
38566,2
38567,2
38568,2
38569,2
38570,2
38571,2
38572,2
38573,2
38574,2
38575,2
38576,2
38577,2
38578,2
38579,2
38580,2
38581,2
38582,2
38583,2
38584,2
38585,2
38586,2
38587,2
38588,2
38589,2
38590,2
38591,2
38592,2
38593,2
38594,2
38595,2
38596,2
38597,2
38598,2
38599,2
38600,2
38601,2
38602,2
38603,2
38604,2
38605,2
38606,2
38607,2
38608,2
38609,2
38610,2
38611,2
38612,2
38613,2
38614,2
38615,2
38616,2
38617,2
38618,2
38619,2
38620,2
38621,2
38622,2
38623,2
38624,2
38625,2
38626,2
38627,2
38628,2
38629,2
38630,2
38631,2
38632,2
38633,2
38634,2
38635,2
38636,2
38637,2
38638,2
38639,2
38640,2
38641,2
38642,2
38643,2
38644,2
38645,2
38646,2
38647,2
38648,2
38649,2
38650,2
38651,2
38652,2
38653,2
38654,2
38655,2
38656,2
38657,2
38658,2
38659,2
38660,2
38661,2
38662,2
38663,2
38664,2
38665,2
38666,2
38667,2
38668,2
38669,2
38670,2
38671,2
38672,2
38673,2
38674,2
38675,2
38676,2
38677,2
38678,2
38679,2
38680,2
38681,2
38682,2
38683,2
38684,2
38685,2
38686,2
38687,2
38688,2
38689,2
38690,2
38691,2
38692,2
38693,2
38694,2
38695,2
38696,2
38697,2
38698,2
38699,2
38700,2
38701,2
38702,2
38703,2
38704,2
38705,2
38706,2
38707,2
38708,2
38709,2
38710,2
38711,2
38712,2
38713,2
38714,2
38715,2
38716,2
38717,2
38718,2
38719,2
38720,2
38721,2
38722,2
38723,2
38724,2
38725,2
38726,2
38727,2
38728,2
38729,2
38730,2
38731,2
38732,2
38733,2
38734,2
38735,2
38736,2
38737,2
38738,2
38739,2
38740,2
38741,2
38742,2
38743,2
38744,2
38745,2
38746,2
38747,2
38748,2
38749,2
38750,2
38751,2
38752,2
38753,2
38754,2
38755,2
38756,2
38757,2
38758,2
38759,2
38760,2
38761,2
38762,2
38763,2
38764,2
38765,2
38766,2
38767,2
38768,2
38769,2
38770,2
38771,2
38772,2
38773,2
38774,2
38775,2
38776,2
38777,2
38778,2
38779,2
38780,2
38781,2
38782,2
38783,2
38784,2
38785,2
38786,2
38787,2
38788,2
38789,2
38790,2
38791,2
38792,2
38793,2
38794,2
38795,2
38796,2
38797,2
38798,2
38799,2
38800,2
38801,2
38802,2
38803,2
38804,2
38805,2
38806,2
38807,2
38808,2
38809,2
38810,2
38811,2
38812,2
38813,2
38814,2
38815,2
38816,2
38817,2
38818,2
38819,2
38820,2
38821,2
38822,2
38823,2
38824,2
38825,2
38826,2
38827,2
38828,2
38829,2
38830,2
38831,2
38832,2
38833,2
38834,2
38835,2
38836,2
38837,2
38838,2
38839,2
38840,2
38841,2
38842,2
38843,2
38844,2
38845,2
38846,2
38847,2
38848,2
38849,2
38850,2
38851,2
38852,2
38853,2
38854,2
38855,2
38856,2
38857,2
38858,2
38859,2
38860,2
38861,2
38862,2
38863,2
38864,2
38865,2
38866,2
38867,2
38868,2
38869,2
38870,2
38871,2
38872,2
38873,2
38874,2
38875,2
38876,2
38877,2
38878,2
38879,2
38880,2
38881,2
38882,2
38883,2
38884,2
38885,2
38886,2
38887,2
38888,2
38889,2
38890,2
38891,2
38892,2
38893,2
38894,2
38895,2
38896,2
38897,2
38898,2
38899,2
38900,2
38901,2
38902,2
38903,2
38904,2
38905,2
38906,2
38907,2
38908,2
38909,2
38910,2
38911,2
38912,2
38913,2
38914,2
38915,2
38916,2
38917,2
38918,2
38919,2
38920,2
38921,2
38922,2
38923,2
38924,2
38925,2
38926,2
38927,2
38928,2
38929,2
38930,2
38931,2
38932,2
38933,2
38934,2
38935,2
38936,2
38937,2
38938,2
38939,2
38940,2
38941,2
38942,2
38943,2
38944,2
38945,2
38946,2
38947,2
38948,2
38949,2
38950,2
38951,2
38952,2
38953,2
38954,2
38955,2
38956,2
38957,2
38958,2
38959,2
38960,2
38961,2
38962,2
38963,2
38964,2
38965,2
38966,2
38967,2
38968,2
38969,2
38970,2
38971,2
38972,2
38973,2
38974,2
38975,2
38976,2
38977,2
38978,2
38979,2
38980,2
38981,2
38982,2
38983,2
38984,2
38985,2
38986,2
38987,2
38988,2
38989,2
38990,2
38991,2
38992,2
38993,2
38994,2
38995,2
38996,2
38997,2
38998,2
38999,2
39000,2
39001,2
39002,2
39003,2
39004,2
39005,2
39006,2
39007,2
39008,2
39009,2
39010,2
39011,2
39012,2
39013,2
39014,2
39015,2
39016,2
39017,2
39018,2
39019,2
39020,2
39021,2
39022,2
39023,2
39024,-9
39025,-9
39026,-9
39027,-9
39028,-9
39029,-9
39030,-9
39031,-9
39032,-9
39033,-9
39034,-9
39035,-9
39036,-9
39037,-9
39038,-9
39039,-9
39040,-9
39041,-9
39042,-9
39043,-9
39044,-9
39045,-9
39046,-9
39047,-9
39048,-9
39049,-9
39050,-9
39051,-9
39052,-9
39053,-9
39054,-9
39055,-9
39056,-9
39057,-9
39058,-9
39059,-9
39060,-9
39061,-9
39062,-9
39063,-9
39064,-9
39065,-9
39066,-9
39067,-9
39068,-9
39069,-9
39070,-9
39071,-9
39072,-9
39073,-9
39074,-9
39075,-9
39076,-9
39077,-9
39078,-9
39079,-9
39080,-9
39081,-9
39082,-9
39083,-9
39084,-9
39085,-9
39086,-9
39087,-9
39088,-9
39089,-9
39090,-9
39091,-9
39092,-9
39093,-9
39094,-9
39095,-9
39096,-9
39097,-9
39098,-9
39099,-9
39100,-9
39101,-9
39102,-9
39103,-9
39104,-9
39105,-9
39106,-9
39107,-9
39108,-9
39109,-9
39110,-9
39111,-9
39112,-9
39113,-9
39114,-9
39115,-9
39116,-9
39117,-9
39118,-9
39119,-9
39120,-9
39121,-9
39122,-9
39123,-9
39124,-9
39125,-9
39126,-9
39127,-9
39128,-9
39129,-9
39130,-9
39131,-9
39132,-9
39133,-9
39134,-9
39135,-9
39136,-9
39137,-9
39138,-9
39139,-9
39140,-9
39141,-9
39142,-9
39143,-9
39144,-9
39145,-9
39146,-9
39147,-9
39148,-9
39149,-9
39150,-9
39151,-9
39152,-9
39153,-9
39154,-9
39155,-9
39156,-9
39157,-9
39158,-9
39159,-9
39160,-9
39161,-9
39162,-9
39163,-9
39164,-9
39165,-9
39166,-9
39167,-9
39168,-9
39169,-9
39170,-9
39171,-9
39172,-9
39173,-9
39174,-9
39175,-9
39176,-9
39177,-9
39178,-9
39179,-9
39180,-9
39181,-9
39182,-9
39183,-9
39184,-9
39185,-9
39186,-9
39187,-9
39188,-9
39189,-9
39190,-9
39191,-9
39192,-9
39193,-9
39194,-9
39195,-9
39196,-9
39197,-9
39198,-9
39199,-9
39200,-9
39201,-9
39202,-9
39203,-9
39204,-9
39205,-9
39206,-9
39207,-9
39208,-9
39209,-9
39210,-9
39211,-9
39212,-9
39213,-9
39214,-9
39215,-9
39216,-9
39217,-9
39218,-9
39219,-9
39220,-9
39221,-9
39222,-9
39223,-9
39224,-9
39225,-9
39226,-9
39227,-9
39228,-9
39229,-9
39230,-9
39231,-9
39232,-9
39233,-9
39234,-9
39235,-9
39236,-9
39237,-9
39238,-9
39239,-9
39240,-9
39241,-9
39242,-9
39243,-9
39244,-9
39245,-9
39246,-9
39247,-9
39248,-9
39249,-9
39250,-9
39251,-9
39252,-9
39253,-9
39254,-9
39255,-9
39256,-9
39257,-9
39258,-9
39259,-9
39260,-9
39261,-9
39262,-9
39263,-9
39264,-9
39265,-9
39266,-9
39267,-9
39268,-9
39269,-9
39270,-9
39271,-9
39272,-9
39273,-9
39274,-9
39275,-9
39276,-9
39277,-9
39278,-9
39279,-9
39280,-9
39281,-9
39282,-9
39283,-9
39284,-9
39285,-9
39286,-9
39287,-9
39288,-9
39289,-9
39290,-9
39291,-9
39292,-9
39293,-9
39294,-9
39295,-9
39296,-9
39297,-9
39298,-9
39299,-9
39300,-9
39301,-9
39302,-9
39303,-9
39304,-9
39305,-9
39306,-9
39307,-9
39308,-9
39309,-9
39310,-9
39311,-9
39312,-9
39313,-9
39314,-9
39315,-9
39316,-9
39317,-9
39318,-9
39319,-9
39320,-9
39321,-9
39322,-9
39323,-9
39324,-9
39325,-9
39326,-9
39327,-9
39328,-9
39329,-9
39330,-9
39331,-9
39332,-9
39333,-9
39334,-9
39335,-9
39336,-9
39337,-9
39338,-9
39339,-9
39340,-9
39341,-9
39342,-9
39343,-9
39344,-9
39345,-9
39346,-9
39347,-9
39348,-9
39349,-9
39350,-9
39351,-9
39352,-9
39353,-9
39354,-9
39355,-9
39356,-9
39357,-9
39358,-9
39359,-9
39360,-9
39361,-9
39362,-9
39363,-9
39364,-9
39365,-9
39366,-9
39367,-9
39368,-9
39369,-9
39370,-9
39371,-9
39372,-9
39373,-9
39374,-9
39375,-9
39376,-9
39377,-9
39378,-9
39379,-9
39380,-9
39381,-9
39382,-9
39383,-9
39384,-9
39385,-9
39386,-9
39387,-9
39388,-9
39389,-9
39390,-9
39391,-9
39392,-9
39393,-9
39394,-9
39395,-9
39396,-9
39397,-9
39398,-9
39399,-9
39400,-9
39401,-9
39402,-9
39403,-9
39404,-9
39405,-9
39406,-9
39407,-9
39408,-9
39409,-9
39410,-9
39411,-9
39412,-9
39413,-9
39414,-9
39415,-9
39416,-9
39417,-9
39418,-9
39419,-9
39420,-9
39421,-9
39422,-9
39423,-9
39424,-9
39425,-9
39426,-9
39427,-9
39428,-9
39429,-9
39430,-9
39431,-9
39432,-9
39433,-9
39434,-9
39435,-9
39436,-9
39437,-9
39438,-9
39439,-9
39440,-9
39441,-9
39442,-9
39443,-9
39444,-9
39445,-9
39446,-9
39447,-9
39448,-9
39449,-9
39450,-9
39451,-9
39452,-9
39453,-9
39454,-9
39455,-9
39456,-9
39457,-9
39458,-9
39459,-9
39460,-9
39461,-9
39462,-9
39463,-9
39464,-9
39465,-9
39466,-9
39467,-9
39468,-9
39469,-9
39470,-9
39471,-9
39472,-9
39473,-9
39474,-9
39475,-9
39476,-9
39477,-9
39478,-9
39479,-9
39480,-9
39481,-9
39482,-9
39483,-9
39484,-9
39485,-9
39486,-9
39487,-9
39488,-9
39489,-9
39490,-9
39491,-9
39492,-9
39493,-9
39494,-9
39495,-9
39496,-9
39497,-9
39498,-9
39499,-9
39500,-9
39501,-9
39502,-9
39503,-9
39504,-9
39505,-9
39506,-9
39507,-9
39508,-9
39509,-9
39510,-9
39511,-9
39512,-9
39513,-9
39514,-9
39515,-9
39516,-9
39517,-9
39518,-9
39519,-9
39520,-9
39521,-9
39522,-9
39523,-9
39524,-9
39525,-9
39526,-9
39527,-9
39528,-9
39529,-9
39530,-9
39531,-9
39532,-9
39533,-9
39534,-9
39535,-9
39536,-9
39537,-9
39538,-9
39539,-9
39540,-9
39541,-9
39542,-9
39543,-9
39544,-9
39545,-9
39546,-9
39547,-9
39548,-9
39549,-9
39550,-9
39551,-9
39552,-9
39553,-9
39554,-9
39555,-9
39556,-9
39557,-9
39558,-9
39559,-9
39560,-9
39561,-9
39562,-9
39563,-9
39564,-9
39565,-9
39566,-9
39567,-9
39568,-9
39569,-9
39570,-9
39571,-9
39572,-9
39573,-9
39574,-9
39575,-9
39576,-9
39577,-9
39578,-9
39579,-9
39580,-9
39581,-9
39582,-9
39583,-9
39584,-9
39585,-9
39586,-9
39587,-9
39588,-9
39589,-9
39590,-9
39591,-9
39592,-9
39593,-9
39594,-9
39595,-9
39596,-9
39597,-9
39598,-9
39599,-9
39600,-9
39601,-9
39602,-9
39603,-9
39604,-9
39605,-9
39606,-9
39607,-9
39608,-9
39609,-9
39610,-9
39611,-9
39612,-9
39613,-9
39614,-9
39615,-9
39616,-9
39617,-9
39618,-9
39619,-9
39620,-9
39621,-9
39622,-9
39623,-9
39624,-9
39625,-9
39626,-9
39627,-9
39628,-9
39629,-9
39630,-9
39631,-9
39632,-9
39633,-9
39634,-9
39635,-9
39636,-9
39637,-9
39638,-9
39639,-9
39640,-9
39641,-9
39642,-9
39643,-9
39644,-9
39645,-9
39646,-9
39647,-9
39648,-9
39649,-9
39650,-9
39651,-9
39652,-9
39653,-9
39654,-9
39655,-9
39656,-9
39657,-9
39658,-9
39659,-9
39660,-9
39661,-9
39662,-9
39663,-9
39664,-9
39665,-9
39666,-9
39667,-9
39668,-9
39669,-9
39670,-9
39671,-9
39672,-9
39673,-9
39674,-9
39675,-9
39676,-9
39677,-9
39678,-9
39679,-9
39680,-9
39681,-9
39682,-9
39683,-9
39684,-9
39685,-9
39686,-9
39687,-9
39688,-9
39689,-9
39690,-9
39691,-9
39692,-9
39693,-9
39694,-9
39695,-9
39696,-9
39697,-9
39698,-9
39699,-9
39700,-9
39701,-9
39702,-9
39703,-9
39704,-9
39705,-9
39706,-9
39707,-9
39708,-9
39709,-9
39710,-9
39711,-9
39712,-9
39713,-9
39714,-9
39715,-9
39716,-9
39717,-9
39718,-9
39719,-9
39720,-9
39721,-9
39722,-9
39723,-9
39724,-9
39725,-9
39726,-9
39727,-9
39728,-9
39729,-9
39730,-9
39731,-9
39732,-9
39733,-9
39734,-9
39735,-9
39736,-9
39737,-9
39738,-9
39739,-9
39740,-9
39741,-9
39742,-9
39743,-9
39744,-9
39745,-9
39746,-9
39747,-9
39748,-9
39749,-9
39750,-9
39751,-9
39752,-9
39753,-9
39754,-9
39755,-9
39756,-9
39757,-9
39758,-9
39759,-9
39760,-9
39761,-9
39762,-9
39763,-9
39764,-9
39765,-9
39766,-9
39767,-9
39768,-9
39769,-9
39770,-9
39771,-9
39772,-9
39773,-9
39774,-9
39775,-9
39776,-9
39777,-9
39778,-9
39779,-9
39780,-9
39781,-9
39782,-9
39783,-9
39784,-9
39785,-9
39786,-9
39787,-9
39788,-9
39789,-9
39790,-9
39791,-9
39792,-9
39793,-9
39794,-9
39795,-9
39796,-9
39797,-9
39798,-9
39799,-9
39800,-9
39801,-9
39802,-9
39803,-9
39804,-9
39805,-9
39806,-9
39807,-9
39808,-9
39809,-9
39810,-9
39811,-9
39812,-9
39813,-9
39814,-9
39815,-9
39816,-9
39817,-9
39818,-9
39819,-9
39820,-9
39821,-9
39822,-9
39823,-9
39824,-9
39825,-9
39826,-9
39827,-9
39828,-9
39829,-9
39830,-9
39831,-9
39832,-9
39833,-9
39834,-9
39835,-9
39836,-9
39837,-9
39838,-9
39839,-9
39840,-9
39841,-9
39842,-9
39843,-9
39844,-9
39845,-9
39846,-9
39847,-9
39848,-9
39849,-9
39850,-9
39851,-9
39852,-9
39853,-9
39854,-9
39855,-9
39856,-9
39857,-9
39858,-9
39859,-9
39860,-9
39861,-9
39862,-9
39863,-9
39864,-9
39865,-9
39866,-9
39867,-9
39868,-9
39869,-9
39870,-9
39871,-9
39872,-9
39873,-9
39874,-9
39875,-9
39876,-9
39877,-9
39878,-9
39879,-9
39880,-9
39881,-9
39882,-9
39883,-9
39884,-9
39885,-9
39886,-9
39887,-9
39888,-9
39889,-9
39890,-9
39891,-9
39892,-9
39893,-9
39894,-9
39895,-9
39896,-9
39897,-9
39898,-9
39899,-9
39900,-9
39901,-9
39902,-9
39903,-9
39904,-9
39905,-9
39906,-9
39907,-9
39908,-9
39909,-9
39910,-9
39911,-9
39912,-9
39913,-9
39914,-9
39915,-9
39916,-9
39917,-9
39918,-9
39919,-9
39920,-9
39921,-9
39922,-9
39923,-9
39924,-9
39925,-9
39926,-9
39927,-9
39928,-9
39929,-9
39930,-9
39931,-9
39932,-9
39933,-9
39934,2
39935,2
39936,2
39937,2
39938,2
39939,2
39940,2
39941,2
39942,2
39943,2
39944,2
39945,2
39946,2
39947,2
39948,2
39949,2
39950,2
39951,2
39952,2
39953,2
39954,2
39955,2
39956,2
39957,2
39958,2
39959,2
39960,2
39961,2
39962,2
39963,2
39964,2
39965,2
39966,2
39967,2
39968,2
39969,2
39970,2
39971,2
39972,2
39973,2
39974,2
39975,2
39976,2
39977,2
39978,2
39979,2
39980,2
39981,2
39982,2
39983,2
39984,2
39985,2
39986,2
39987,2
39988,2
39989,2
39990,2
39991,2
39992,2
39993,2
39994,2
39995,2
39996,2
39997,2
39998,2
39999,2
40000,2
40001,2
40002,2
40003,2
40004,2
40005,2
40006,2
40007,2
40008,2
40009,2
40010,2
40011,2
40012,2
40013,2
40014,2
40015,2
40016,2
40017,2
40018,2
40019,2
40020,2
40021,2
40022,2
40023,2
40024,2
40025,2
40026,2
40027,2
40028,2
40029,2
40030,2
40031,2
40032,2
40033,2
40034,2
40035,2
40036,2
40037,2
40038,2
40039,2
40040,2
40041,2
40042,2
40043,2
40044,2
40045,2
40046,2
40047,2
40048,2
40049,2
40050,2
40051,2
40052,2
40053,2
40054,2
40055,2
40056,2
40057,2
40058,2
40059,2
40060,2
40061,2
40062,2
40063,2
40064,2
40065,2
40066,2
40067,2
40068,2
40069,2
40070,2
40071,2
40072,2
40073,2
40074,2
40075,2
40076,2
40077,2
40078,2
40079,2
40080,2
40081,2
40082,2
40083,2
40084,2
40085,2
40086,2
40087,2
40088,2
40089,2
40090,2
40091,2
40092,2
40093,2
40094,2
40095,2
40096,2
40097,2
40098,2
40099,2
40100,2
40101,2
40102,2
40103,2
40104,2
40105,2
40106,2
40107,2
40108,2
40109,2
40110,2
40111,2
40112,2
40113,2
40114,2
40115,2
40116,2
40117,2
40118,2
40119,2
40120,2
40121,2
40122,2
40123,2
40124,2
40125,2
40126,2
40127,2
40128,2
40129,2
40130,2
40131,2
40132,2
40133,2
40134,2
40135,2
40136,2
40137,2
40138,2
40139,2
40140,2
40141,2
40142,2
40143,2
40144,2
40145,2
40146,2
40147,2
40148,2
40149,2
40150,2
40151,2
40152,2
40153,2
40154,2
40155,2
40156,2
40157,2
40158,2
40159,2
40160,2
40161,2
40162,2
40163,2
40164,2
40165,2
40166,2
40167,2
40168,2
40169,2
40170,2
40171,2
40172,2
40173,2
40174,2
40175,2
40176,2
40177,2
40178,2
40179,2
40180,2
40181,2
40182,2
40183,2
40184,2
40185,2
40186,2
40187,2
40188,2
40189,2
40190,2
40191,2
40192,2
40193,2
40194,2
40195,2
40196,2
40197,2
40198,2
40199,2
40200,2
40201,2
40202,2
40203,2
40204,2
40205,2
40206,2
40207,2
40208,2
40209,2
40210,2
40211,2
40212,2
40213,2
40214,2
40215,2
40216,2
40217,2
40218,2
40219,2
40220,2
40221,2
40222,2
40223,2
40224,2
40225,2
40226,2
40227,2
40228,2
40229,2
40230,2
40231,2
40232,2
40233,2
40234,2
40235,2
40236,2
40237,2
40238,2
40239,2
40240,2
40241,2
40242,2
40243,2
40244,2
40245,2
40246,2
40247,2
40248,2
40249,2
40250,2
40251,2
40252,2
40253,2
40254,2
40255,2
40256,2
40257,2
40258,2
40259,2
40260,2
40261,2
40262,2
40263,2
40264,2
40265,2
40266,2
40267,2
40268,2
40269,2
40270,2
40271,2
40272,2
40273,2
40274,2
40275,2
40276,2
40277,2
40278,2
40279,2
40280,2
40281,2
40282,2
40283,2
40284,2
40285,2
40286,2
40287,2
40288,2
40289,2
40290,2
40291,2
40292,2
40293,2
40294,2
40295,2
40296,2
40297,2
40298,2
40299,2
40300,2
40301,2
40302,2
40303,2
40304,2
40305,2
40306,2
40307,2
40308,2
40309,2
40310,2
40311,2
40312,2
40313,2
40314,2
40315,2
40316,2
40317,2
40318,2
40319,2
40320,2
40321,2
40322,2
40323,2
40324,2
40325,2
40326,2
40327,2
40328,2
40329,2
40330,2
40331,2
40332,2
40333,2
40334,2
40335,2
40336,2
40337,2
40338,2
40339,2
40340,2
40341,2
40342,2
40343,2
40344,2
40345,2
40346,2
40347,2
40348,2
40349,2
40350,2
40351,2
40352,2
40353,2
40354,2
40355,2
40356,2
40357,2
40358,2
40359,2
40360,2
40361,2
40362,2
40363,2
40364,2
40365,2
40366,2
40367,2
40368,2
40369,2
40370,2
40371,2
40372,2
40373,2
40374,2
40375,2
40376,2
40377,2
40378,2
40379,2
40380,2
40381,2
40382,2
40383,2
40384,2
40385,2
40386,2
40387,2
40388,2
40389,2
40390,2
40391,2
40392,2
40393,2
40394,2
40395,2
40396,2
40397,2
40398,2
40399,2
40400,2
40401,2
40402,2
40403,2
40404,2
40405,2
40406,2
40407,2
40408,2
40409,2
40410,2
40411,2
40412,2
40413,2
40414,2
40415,2
40416,2
40417,2
40418,2
40419,2
40420,2
40421,2
40422,2
40423,2
40424,2
40425,2
40426,2
40427,2
40428,2
40429,2
40430,2
40431,2
40432,2
40433,2
40434,2
40435,2
40436,2
40437,2
40438,2
40439,2
40440,2
40441,2
40442,2
40443,2
40444,2
40445,2
40446,2
40447,2
40448,2
40449,2
40450,2
40451,2
40452,2
40453,2
40454,2
40455,2
40456,2
40457,2
40458,2
40459,2
40460,2
40461,2
40462,2
40463,2
40464,2
40465,2
40466,2
40467,2
40468,2
40469,2
40470,2
40471,2
40472,2
40473,2
40474,2
40475,2
40476,2
40477,2
40478,2
40479,2
40480,2
40481,2
40482,2
40483,2
40484,2
40485,2
40486,2
40487,2
40488,2
40489,2
40490,2
40491,2
40492,2
40493,2
40494,2
40495,2
40496,2
40497,2
40498,2
40499,2
40500,2
40501,2
40502,2
40503,2
40504,2
40505,2
40506,2
40507,2
40508,2
40509,2
40510,2
40511,2
40512,2
40513,2
40514,2
40515,2
40516,2
40517,2
40518,2
40519,2
40520,2
40521,2
40522,2
40523,2
40524,2
40525,2
40526,2
40527,2
40528,2
40529,2
40530,2
40531,2
40532,2
40533,2
40534,2
40535,2
40536,2
40537,2
40538,2
40539,2
40540,2
40541,2
40542,2
40543,2
40544,2
40545,2
40546,2
40547,2
40548,2
40549,2
40550,2
40551,2
40552,2
40553,2
40554,2
40555,2
40556,2
40557,2
40558,2
40559,2
40560,2
40561,2
40562,2
40563,2
40564,2
40565,2
40566,2
40567,2
40568,2
40569,2
40570,2
40571,2
40572,2
40573,2
40574,2
40575,2
40576,2
40577,2
40578,2
40579,2
40580,2
40581,2
40582,2
40583,2
40584,2
40585,2
40586,2
40587,2
40588,2
40589,2
40590,2
40591,2
40592,2
40593,2
40594,2
40595,2
40596,2
40597,2
40598,2
40599,2
40600,2
40601,2
40602,2
40603,2
40604,2
40605,2
40606,2
40607,2
40608,2
40609,2
40610,2
40611,2
40612,2
40613,2
40614,2
40615,2
40616,2
40617,2
40618,2
40619,2
40620,2
40621,2
40622,2
40623,2
40624,2
40625,2
40626,2
40627,2
40628,2
40629,2
40630,2
40631,2
40632,2
40633,2
40634,2
40635,2
40636,2
40637,2
40638,2
40639,2
40640,2
40641,2
40642,2
40643,2
40644,2
40645,2
40646,2
40647,2
40648,2
40649,2
40650,2
40651,2
40652,2
40653,2
40654,2
40655,2
40656,2
40657,2
40658,2
40659,2
40660,2
40661,2
40662,2
40663,2
40664,2
40665,2
40666,2
40667,2
40668,2
40669,2
40670,2
40671,2
40672,2
40673,2
40674,2
40675,2
40676,2
40677,2
40678,2
40679,2
40680,2
40681,2
40682,2
40683,2
40684,2
40685,2
40686,2
40687,2
40688,2
40689,2
40690,2
40691,2
40692,2
40693,2
40694,2
40695,2
40696,2
40697,2
40698,2
40699,2
40700,2
40701,2
40702,2
40703,2
40704,2
40705,2
40706,2
40707,2
40708,2
40709,2
40710,2
40711,2
40712,2
40713,2
40714,2
40715,2
40716,2
40717,2
40718,2
40719,2
40720,2
40721,2
40722,2
40723,2
40724,2
40725,2
40726,2
40727,2
40728,2
40729,2
40730,2
40731,2
40732,2
40733,2
40734,2
40735,2
40736,2
40737,2
40738,2
40739,2
40740,2
40741,2
40742,2
40743,2
40744,2
40745,2
40746,2
40747,2
40748,2
40749,2
40750,2
40751,2
40752,2
40753,2
40754,2
40755,2
40756,2
40757,2
40758,2
40759,2
40760,2
40761,2
40762,2
40763,2
40764,2
40765,2
40766,2
40767,2
40768,2
40769,2
40770,2
40771,2
40772,2
40773,2
40774,2
40775,2
40776,2
40777,2
40778,2
40779,2
40780,2
40781,2
40782,2
40783,2
40784,2
40785,2
40786,2
40787,2
40788,2
40789,2
40790,2
40791,2
40792,2
40793,2
40794,2
40795,2
40796,2
40797,2
40798,2
40799,2
40800,2
40801,2
40802,2
40803,2
40804,2
40805,2
40806,2
40807,2
40808,2
40809,2
40810,2
40811,2
40812,2
40813,2
40814,2
40815,2
40816,2
40817,2
40818,2
40819,2
40820,2
40821,2
40822,2
40823,2
40824,2
40825,2
40826,2
40827,2
40828,2
40829,2
40830,2
40831,2
40832,2
40833,2
40834,2
40835,2
40836,2
40837,2
40838,2
40839,2
40840,2
40841,2
40842,2
40843,2
40844,2
40845,2
40846,2
40847,2
40848,2
40849,2
40850,2
40851,2
40852,2
40853,2
40854,2
40855,2
40856,2
40857,2
40858,2
40859,2
40860,2
40861,2
40862,2
40863,2
40864,2
40865,2
40866,2
40867,2
40868,2
40869,2
40870,2
40871,2
40872,2
40873,2
40874,2
40875,2
40876,2
40877,2
40878,2
40879,2
40880,2
40881,2
40882,2
40883,2
40884,2
40885,2
40886,2
40887,2
40888,2
40889,2
40890,2
40891,2
40892,2
40893,2
40894,2
40895,2
40896,2
40897,2
40898,2
40899,2
40900,2
40901,2
40902,2
40903,2
40904,2
40905,2
40906,2
40907,2
40908,2
40909,2
40910,2
40911,2
40912,2
40913,2
40914,2
40915,2
40916,2
40917,2
40918,2
40919,2
40920,2
40921,2
40922,2
40923,2
40924,2
40925,2
40926,2
40927,2
40928,2
40929,2
40930,2
40931,2
40932,2
40933,2
40934,2
40935,2
40936,2
40937,2
40938,2
40939,2
40940,2
40941,2
40942,2
40943,2
40944,2
40945,2
40946,2
40947,2
40948,2
40949,2
40950,2
40951,2
40952,2
40953,2
40954,2
40955,2
40956,2
40957,2
40958,2
40959,2
40960,2
40961,2
40962,2
40963,2
40964,2
40965,2
40966,2
40967,2
40968,2
40969,2
40970,2
40971,2
40972,2
40973,2
40974,2
40975,2
40976,2
40977,2
40978,2
40979,2
40980,2
40981,2
40982,2
40983,2
40984,2
40985,2
40986,2
40987,2
40988,2
40989,2
40990,2
40991,2
40992,2
40993,2
40994,2
40995,2
40996,2
40997,2
40998,2
40999,2
41000,2
41001,2
41002,2
41003,2
41004,2
41005,2
41006,2
41007,2
41008,2
41009,2
41010,2
41011,2
41012,2
41013,2
41014,2
41015,2
41016,2
41017,2
41018,2
41019,2
41020,2
41021,2
41022,2
41023,2
41024,2
41025,2
41026,2
41027,2
41028,2
41029,2
41030,2
41031,2
41032,2
41033,2
41034,2
41035,2
41036,2
41037,2
41038,2
41039,2
41040,2
41041,2
41042,2
41043,2
41044,2
41045,2
41046,2
41047,2
41048,2
41049,2
41050,2
41051,2
41052,2
41053,2
41054,2
41055,2
41056,2
41057,2
41058,2
41059,2
41060,2
41061,2
41062,2
41063,2
41064,2
41065,2
41066,2
41067,2
41068,2
41069,2
41070,2
41071,2
41072,2
41073,2
41074,2
41075,2
41076,2
41077,2
41078,2
41079,2
41080,2
41081,2
41082,2
41083,2
41084,2
41085,2
41086,2
41087,2
41088,2
41089,2
41090,2
41091,2
41092,2
41093,2
41094,2
41095,2
41096,2
41097,2
41098,2
41099,2
41100,2
41101,2
41102,2
41103,2
41104,2
41105,2
41106,2
41107,2
41108,2
41109,2
41110,2
41111,2
41112,2
41113,2
41114,2
41115,2
41116,2
41117,2
41118,2
41119,2
41120,2
41121,2
41122,2
41123,2
41124,2
41125,2
41126,2
41127,2
41128,2
41129,2
41130,2
41131,2
41132,2
41133,2
41134,2
41135,2
41136,2
41137,2
41138,2
41139,2
41140,2
41141,2
41142,2
41143,2
41144,2
41145,2
41146,2
41147,2
41148,-9
41149,-9
41150,-9
41151,-9
41152,-9
41153,-9
41154,-9
41155,-9
41156,-9
41157,-9
41158,-9
41159,-9
41160,-9
41161,-9
41162,-9
41163,-9
41164,-9
41165,-9
41166,-9
41167,-9
41168,-9
41169,-9
41170,-9
41171,-9
41172,-9
41173,-9
41174,-9
41175,-9
41176,-9
41177,-9
41178,-9
41179,-9
41180,-9
41181,-9
41182,-9
41183,-9
41184,-9
41185,-9
41186,-9
41187,-9
41188,-9
41189,-9
41190,-9
41191,-9
41192,-9
41193,-9
41194,-9
43101,-9
43102,-9
43103,-9
43104,-9
43105,-9
43106,-9
43107,-9
43108,-9
43109,-9
43110,-9
43111,-9
43112,-9
43113,-9
43114,-9
43115,-9
43116,-9
43117,-9
43118,-9
43119,-9
43120,-9
43121,-9
43122,-9
43123,-9
43124,-9
43125,-9
43126,-9
43127,-9
43128,-9
43129,-9
43130,-9
43131,-9
43132,-9
43133,-9
43134,-9
43135,-9
43136,-9
43137,-9
43138,-9
43139,-9
43140,-9
43141,-9
43142,-9
43143,-9
43144,-9
43145,-9
43146,-9
43147,-9
43148,-9
43149,-9
43150,-9
43151,-9
43152,-9
43153,-9
43154,-9
43155,-9
43156,-9
43157,-9
43158,-9
43159,-9
43160,-9
43161,-9
43162,-9
43163,-9
43164,-9
43165,-9
43166,-9
43167,-9
43168,-9
43169,-9
43170,-9
43171,-9
43172,-9
43173,-9
43174,-9
43175,-9
43176,-9
43177,-9
43178,-9
43179,-9
43180,-9
43181,-9
43182,-9
43183,-9
43184,-9
43185,-9
43186,-9
43187,-9
43188,-9
43189,-9
43190,-9
43191,-9
43192,-9
43193,-9
43194,-9
43195,-9
43196,-9
43197,-9
43198,-9
43199,-9
43200,-9
43201,-9
43202,-9
43203,-9
43204,-9
43205,-9
43206,-9
43207,-9
43208,-9
43209,-9
43210,-9
43211,-9
43212,-9
43213,-9
43214,-9
43215,-9
43216,-9
43217,-9
43218,-9
43219,-9
43220,-9
43221,-9
43222,-9
43223,-9
43224,-9
43225,-9
43226,-9
43227,-9
43228,-9
43229,-9
43230,-9
43231,-9
43232,-9
43233,-9
43234,-9
43235,-9
43236,-9
43237,-9
43238,-9
43239,-9
55040,-9
55041,-9
55042,-9
55043,-9
55044,-9
55045,-9
55046,-9
55047,-9
55048,-9
55049,-9
55050,-9
55051,-9
55052,-9
55053,-9
55054,-9
55055,-9
55056,-9
55057,-9
55058,-9
55059,-9
55060,-9
55061,-9
55062,-9
55063,-9
55064,-9
55065,-9
55066,-9
55067,-9
55068,-9
55069,-9
55070,-9
55071,-9
55072,-9
55073,-9
55074,-9
55075,-9
55076,-9
55077,-9
55078,-9
55079,-9
55080,-9
55081,-9
55082,-9
55083,-9
55084,-9
55085,-9
55086,-9
55087,-9
55088,-9
55089,-9
55090,-9
55091,-9
55092,-9
55093,-9
55094,-9
55095,-9
55096,-9
55097,-9
55098,-9
55099,-9
55100,-9
55101,-9
55102,-9
55103,-9
55104,-9
55105,-9
55106,-9
55107,-9
55108,-9
55109,-9
55110,-9
55111,-9
55112,-9
55113,-9
55114,-9
55115,-9
55116,-9
55117,-9
55118,-9
55119,-9
55120,-9
55121,-9
55122,-9
55123,-9
55124,-9
55125,-9
55126,-9
55127,-9
55128,-9
55129,-9
55130,-9
55131,-9
55132,-9
55133,-9
55134,-9
55135,-9
55136,-9
55137,-9
55138,-9
55139,-9
55140,-9
55141,-9
55142,-9
55143,-9
55144,-9
55145,-9
55146,-9
55147,-9
55148,-9
55149,-9
55150,-9
55151,-9
55152,-9
55153,-9
55154,-9
55155,-9
55156,-9
55157,-9
55158,-9
55159,-9
55160,-9
55161,-9
55162,-9
55163,-9
55164,-9
55165,-9
55166,-9
55167,-9
55168,-9
55169,-9
55170,-9
55171,-9
55172,-9
55173,-9
55174,-9
55175,-9
55176,-9
55177,-9
55178,-9
55179,-9
55180,-9
55181,-9
55182,-9
55183,-9
55184,-9
55185,-9
55186,-9
55187,-9
55188,-9
55189,-9
55190,-9
55191,-9
55192,-9
55193,-9
55194,-9
55195,-9
55196,-9
55197,-9
55198,-9
55199,-9
55200,-9
55201,-9
55202,-9
55203,-9
55204,-9
55205,-9
55206,-9
55207,-9
55208,-9
55209,-9
55210,-9
55211,-9
55212,-9
55213,-9
55214,-9
55215,-9
55216,-9
55217,-9
55218,-9
55219,-9
55220,-9
55221,-9
55222,-9
55223,-9
55224,-9
55225,-9
55226,-9
55227,-9
55228,-9
55229,-9
55230,-9
55231,-9
55232,-9
55233,-9
55234,-9
55235,-9
55236,-9
55237,-9
55238,-9
55239,-9
55240,-9
55241,-9
55242,-9
55243,-9
55244,-9
55245,-9
55246,-9
55247,-9
55248,-9
55249,-9
55250,-9
55251,-9
55252,-9
55253,-9
55254,-9
55255,-9
55256,-9
55257,-9
55258,-9
55259,-9
55260,-9
55261,-9
55262,-9
55263,-9
55264,-9
55265,-9
55266,-9
55267,-9
55268,-9
55269,-9
55270,-9
55271,-9
55272,-9
55273,-9
55274,-9
55275,-9
55276,-9
55277,-9
55278,-9
55279,-9
55280,-9
55281,-9
55282,-9
55283,-9
55284,-9
55285,-9
55286,-9
55287,-9
55288,-9
55289,-9
55290,-9
55291,-9
55292,-9
55293,-9
55294,-9
55295,-9
55296,-9
55297,-9
55298,-9
55299,-9
55300,-9
55301,-9
55302,-9
55303,-9
55304,-9
55305,-9
55306,-9
55307,-9
55308,-9
55309,-9
55310,-9
55311,-9
55312,-9
55313,-9
55314,-9
55315,-9
55316,-9
55317,-9
55318,-9
55319,-9
55320,-9
65456,-9
65457,-9
65458,-9
65459,-9
65460,-9
65461,-9
65462,-9
65463,-9
65464,-9
65465,-9
65466,-9
65467,-9
65468,-9
65469,-9
65470,-9
65471,-9
65472,-9
65473,-9
65474,-9
65475,-9
65476,-9
65477,-9
65478,-9
65479,-9
65480,-9
65481,-9
65482,-9
65483,-9
65484,-9
65485,-9
65486,-9
65487,-9
65488,-9
65489,-9
65490,-9
65491,-9
65492,-9
65493,-9
65494,-9
65495,-9
65496,-9
65497,-9
65498,-9
65499,-9
65500,-9
65501,-9
65502,-9
65503,-9
65504,-9
65505,-9
65506,-9
65507,-9
65508,-9
65509,-9
65510,-9
65511,-9
65512,-9
65513,-9
65514,-9
65515,-9
65516,-9
65517,-9
65518,-9
65519,-9
65520,-9
65521,-9
65522,-9
65523,-9
65524,-9
65525,-9
65526,-9
65527,-9
65528,-9
65529,-9
65530,-9
65531,-9
65532,-9
65533,-9
65534,-9
65535,-9
65536,-9
65537,-9
65538,-9
65539,-9
65540,-9
65541,-9
80647,-9
80648,-9
80649,-9
80650,-9
80651,-9
80652,-9
80653,-9
80654,-9
80655,-9
80656,-9
80657,-9
80658,-9
80659,-9
80660,-9
80661,-9
80662,-9
80663,-9
80664,-9
80665,-9
80666,-9
80667,-9
80668,-9
80669,-9
80670,-9
80671,-9
80672,-9
80673,-9
80674,-9
80675,-9
80676,-9
80677,-9
80678,-9
80679,-9
80680,-9
80681,-9
80682,-9
80683,-9
80684,-9
80685,-9
80686,-9
80687,-9
80688,-9
80689,-9
80690,-9
80691,-9
80692,-9
80693,-9
80694,-9
80695,-9
80696,-9
80697,-9
80698,-9
80699,-9
80700,-9
80701,-9
80702,-9
80703,-9
80704,-9
80705,-9
80706,-9
80707,-9
80708,-9
80709,-9
80710,-9
80711,-9
80712,-9
80713,-9
80714,-9
80715,-9
80716,-9
80717,-9
80718,-9
80719,-9
80720,-9
80721,-9
80722,-9
80723,-9
80724,-9
80725,-9
80726,-9
80727,-9
80728,-9
80729,-9
80730,-9
80731,-9
80732,-9
80733,-9
80734,-9
80735,-9
80736,-9
80737,-9
80738,-9
80739,-9
80740,-9
80741,-9
80742,-9
80743,-9
80744,-9
80745,-9
80746,-9
80747,-9
80748,-9
80749,-9
80750,-9
80751,-9
80752,-9
80753,-9
80754,-9
80755,-9
80756,-9
80757,-9
80758,-9
80759,-9
80760,-9
80761,-9
80762,-9
80763,-9
80764,-9
80765,-9
80766,-9
80767,-9
80768,-9
80769,-9
80770,-9
80771,-9
80772,-9
80773,-9
80774,-9
80775,-9
80776,-9
80777,-9
80778,-9
80779,-9
80780,-9
80781,-9
80782,-9
80783,-9
80784,-9
80785,-9
80786,-9
80787,-9
80788,-9
80789,-9
80790,-9
80791,-9
80792,-9
80793,-9
80794,-9
80795,-9
80796,-9
80797,-9
80798,-9
80799,-9
80800,-9
80801,-9
80802,-9
80803,-9
80804,-9
80805,-9
80806,-9
80807,-9
80808,-9
80809,-9
80810,-9
80811,-9
80812,-9
80813,-9
80814,-9
80815,-9
80816,-9
80817,-9
80818,-9
80819,-9
80820,-9
80821,-9
80822,-9
80823,-9
80824,-9
80825,-9
80826,-9
80827,-9
80828,-9
80829,-9
80830,-9
80831,-9
80832,-9
80833,-9
80834,-9
80835,-9
80836,-9
80837,-9
80838,-9
80839,-9
80840,-9
80841,-9
80842,-9
80843,-9
80844,-9
80845,-9
80846,-9
80847,-9
80848,-9
80849,-9
80850,-9
80851,-9
80852,-9
80853,-9
80854,-9
80855,-9
80856,-9
80857,-9
80858,-9
80859,-9
80860,-9
80861,-9
80862,-9
80863,-9
80864,-9
80865,-9
80866,-9
80867,-9
80868,-9
80869,-9
80870,-9
80871,-9
80872,-9
80873,-9
80874,-9
81085,-9
81086,-9
81087,-9
81088,-9
81089,-9
81090,-9
81091,-9
81092,-9
81093,-9
81094,-9
81095,-9
81096,-9
81097,-9
81098,-9
81099,-9
81100,-9
81101,-9
81102,-9
81103,-9
81104,-9
81105,-9
81106,-9
81107,-9
81108,-9
81109,-9
81110,-9
81111,-9
81112,-9
81113,-9
81114,-9
81115,-9
81116,-9
81117,-9
81118,-9
81119,-9
81120,-9
81121,-9
81122,-9
81123,-9
81124,-9
81125,-9
81126,-9
81127,-9
81128,-9
81129,-9
81130,-9
81131,-9
81132,-9
81133,-9
81134,-9
81135,-9
81136,-9
81137,-9
81138,-9
81139,-9
81140,-9
81141,-9
81142,-9
81143,-9
81144,-9
81145,-9
81146,-9
81147,-9
81148,-9
81149,-9
81150,-9
81151,-9
81152,-9
81153,-9
81154,-9
81155,-9
81156,-9
81157,-9
81158,-9
81159,-9
81160,-9
81161,-9
81162,-9
81163,-9
81164,-9
81165,-9
81166,-9
81167,-9
81168,-9
81169,-9
81170,-9
81171,-9
81172,-9
81173,-9
81174,-9
81175,-9
81176,-9
81177,-9
81178,-9
81179,-9
81180,-9
81181,-9
81182,-9
81183,-9
81184,-9
81185,-9
81186,-9
81187,-9
81188,-9
81189,-9
81190,-9
81191,-9
81192,-9
81193,-9
81194,-9
81195,-9
81196,-9
81197,-9
81198,-9
81199,-9
81200,-9
81201,-9
81202,-9
81203,-9
81204,-9
81205,-9
81206,-9
81207,-9
81208,-9
81209,-9
81210,-9
81211,-9
81212,-9
81213,-9
81214,-9
81215,-9
81216,-9
81217,-9
81218,-9
81219,-9
81220,-9
81221,-9
81222,-9
81223,-9
81224,-9
81225,-9
81226,-9
81227,-9
81228,-9
81229,-9
81230,-9
81231,-9
81232,-9
81233,-9
81234,-9
81235,-9
81236,-9
81237,-9
81238,-9
81239,-9
81240,-9
81241,-9
81242,-9
81243,-9
81244,-9
81245,-9
81246,-9
81247,-9
81248,-9
81249,-9
81250,-9
81251,-9
81252,-9
81253,-9
81254,-9
81255,-9
81256,-9
81257,-9
81258,-9
81259,-9
81260,-9
81261,-9
81262,-9
81263,-9
81264,-9
81265,-9
81266,-9
81267,-9
81268,-9
81269,-9
81270,-9
81271,-9
81272,-9
81273,-9
81274,-9
81275,-9
81276,-9
81277,-9
81278,-9
81279,-9
81280,-9
81281,-9
81282,-9
81283,-9
81284,-9
81285,-9
81286,-9
81287,-9
81288,-9
81289,-9
81290,-9
81291,-9
81292,-9
81293,-9
81294,-9
81295,-9
81296,-9
81297,-9
81298,-9
81299,-9
81300,-9
81301,-9
81302,-9
81303,-9
81304,-9
81305,-9
81306,-9
81307,-9
81308,-9
81309,-9
81310,-9
81311,-9
81312,-9
81313,-9
81314,-9
81315,-9
81316,-9
81317,-9
81318,-9
81319,-9
81320,-9
81321,-9
81322,-9
81323,-9
81324,-9
81325,-9
81326,-9
81327,-9
81328,-9
81329,-9
81330,-9
81331,-9
81332,-9
81333,-9
81334,-9
81335,-9
81336,-9
81337,-9
81338,-9
81339,-9
81340,-9
81341,-9
81342,-9
81343,-9
81344,-9
81345,-9
81346,-9
81347,-9
81348,-9
81349,-9
81350,-9
81351,-9
81352,-9
81353,-9
81354,-9
81355,-9
81356,-9
81357,-9
81358,-9
81359,-9
81360,-9
81361,-9
81362,-9
81363,-9
81364,-9
81365,-9
81366,-9
81367,-9
81368,-9
81369,-9
81370,-9
81371,-9
81372,-9
81373,-9
81374,-9
81375,-9
81376,-9
81377,-9
81378,-9
81379,-9
81380,-9
81381,-9
81382,-9
81383,-9
81384,-9
81385,-9
81386,-9
81387,-9
81388,-9
81389,-9
81390,-9
81391,-9
81392,-9
81393,-9
81394,-9
81395,-9
81396,-9
81397,-9
81398,-9
81399,-9
81400,-9
81401,-9
81402,-9
81403,-9
81404,-9
81405,-9
81406,-9
81407,-9
81408,-9
81409,-9
81410,-9
81411,-9
81412,-9
81413,-9
81414,-9
81415,-9
81416,-9
81417,-9
81418,-9
81419,-9
81420,-9
81421,-9
81422,-9
81423,-9
81424,-9
81425,-9
81426,-9
81427,-9
81428,-9
81429,-9
81430,-9
81431,-9
81432,-9
81433,-9
81434,-9
81435,-9
81436,-9
81437,-9
81438,-9
81439,-9
81440,-9
81441,-9
81442,-9
81443,-9
81444,-9
81445,-9
81446,-9
81447,-9
135681,3
135682,3
135683,3
135684,3
135685,3
135686,3
135687,3
135688,3
135689,3
135690,3
135691,3
135692,3
135693,3
135694,3
135695,3
135696,3
135697,3
135698,3
135699,3
135700,3
135701,3
135702,3
135703,3
135704,3
135705,3
135706,3
135707,3
135708,3
135709,3
135710,3
135711,3
135712,3
135713,3
135714,3
135715,3
135716,3
135717,3
135718,3
135719,3
135720,3
135721,3
135722,3
135723,3
135724,3
135725,3
135726,3
135727,3
135728,3
135729,3
135730,3
135731,3
135732,3
135733,3
135734,3
135735,3
135736,3
135737,3
135738,3
135739,3
135740,3
135741,3
135742,3
135743,3
135744,3
135745,3
135746,3
135747,3
135748,3
135749,3
135750,3
135751,3
135752,3
135753,3
135754,3
135755,3
135756,3
135757,3
135758,3
135759,3
135760,3
135761,3
135762,3
135763,3
135764,3
135765,3
135766,3
135767,3
135768,3
135769,3
135770,3
135771,3
135772,3
135773,3
135774,3
135775,3
135776,3
135777,3
135778,3
135779,3
135780,3
135781,3
135782,3
135783,3
135784,3
135785,3
135786,3
135787,3
135788,3
135789,3
135790,3
135791,3
135792,3
135793,3
135794,3
135795,3
135796,3
135797,3
135798,3
135799,3
135800,3
135801,3
135802,3
135803,3
135804,3
135805,3
135806,3
135807,3
135808,3
135809,3
135810,3
135811,3
135812,3
135813,3
135814,3
135815,3
135816,3
135817,3
135818,3
135819,3
135820,3
135821,3
135822,3
135823,3
135824,3
135825,3
135826,3
135827,3
135828,3
135829,3
135830,3
135831,3
135832,3
135833,3
135834,3
135835,3
135836,3
135837,3
135838,3
135839,3
135840,3
135841,3
135842,3
135843,3
135844,3
135845,3
135846,3
135847,3
135848,3
135849,3
135850,3
135851,3
135852,3
135853,3
135854,3
135855,3
135856,3
135857,3
135858,3
135859,3
135860,3
135861,3
135862,3
135863,3
135864,3
135865,3
135866,3
135867,3
135868,3
135869,3
135870,3
135871,3
135872,3
135873,3
135874,3
135875,3
135876,3
135877,3
135878,3
135879,3
135880,3
135881,3
135882,3
135883,3
135884,3
135885,3
135886,3
135887,3
135888,3
135889,3
135890,3
135891,3
135892,3
135893,3
135894,3
135895,3
135896,3
135897,3
135898,3
135899,3
135900,3
135901,3
135902,3
135903,3
135904,3
135905,3
135906,3
135907,3
135908,3
135909,3
135910,3
135911,3
135912,3
135913,3
135914,3
135915,3
135916,3
135917,3
135918,3
135919,3
135920,3
135921,3
135922,3
135923,3
135924,3
135925,3
135926,3
135927,3
135928,3
135929,3
135930,3
135931,3
135932,3
135933,3
135934,3
135935,3
135936,3
135937,3
135938,3
135939,3
135940,3
135941,3
135942,3
135943,3
135944,3
135945,3
135946,3
135947,3
135948,3
135949,3
135950,3
135951,3
135952,3
135953,3
135954,3
135955,3
135956,3
135957,3
135958,3
135959,3
135960,3
135961,3
135962,3
135963,3
135964,3
135965,3
135966,3
135967,3
135968,3
135969,3
135970,3
135971,3
135972,3
135973,3
135974,3
135975,3
135976,3
135977,3
135978,3
135979,3
135980,3
135981,3
135982,3
135983,3
135984,3
135985,3
135986,3
135987,3
135988,3
135989,3
135990,3
135991,3
135992,3
135993,3
135994,3
135995,3
135996,3
135997,3
135998,3
135999,3
136000,3
136001,3
136002,3
136003,3
136004,3
136005,3
136006,3
136007,3
136008,3
136009,3
136010,3
136011,3
136012,3
136013,3
136014,3
136015,3
136016,3
136017,3
136018,3
136019,3
136020,3
136021,3
136022,3
136023,3
136024,3
136025,3
136026,3
136027,3
136028,3
136029,3
136030,3
136031,3
136032,3
136033,3
136034,3
136035,3
136036,3
136037,3
136038,3
136039,3
136040,3
136041,3
136042,3
136043,3
136044,3
136045,3
136046,3
136047,3
136048,3
136049,3
136050,3
136051,3
136052,3
136053,3
136054,3
136055,3
136056,3
136057,3
136058,3
136059,3
136060,3
136061,3
136062,3
136063,3
136064,3
136065,3
136066,3
136067,3
136068,3
136069,3
136070,3
136071,3
136072,3
136073,3
136074,3
136075,3
136076,3
136077,3
136078,3
136079,3
136080,3
136081,3
136082,3
136083,3
136084,3
136085,3
136086,3
136087,3
136088,3
136089,3
136090,3
136091,3
136092,3
136093,3
136094,3
136095,3
136096,3
136097,3
136098,3
136099,3
136100,3
136101,3
136102,3
136103,3
136104,3
136105,3
136106,3
136107,3
136108,3
136109,3
136110,3
136111,3
136112,3
136113,3
136114,3
136115,3
136116,3
136117,3
136118,3
136119,3
136120,3
136121,3
136122,3
136123,3
136124,3
136125,3
136126,3
136127,3
136128,3
136129,3
136130,3
136131,3
136132,3
136133,3
136134,3
136135,3
136136,3
136137,3
136138,3
136139,3
136140,3
136141,3
136142,3
136143,3
136144,3
136145,3
136146,3
136147,3
136148,3
136149,3
136150,3
136151,3
136152,3
136153,3
136154,3
136155,3
136156,3
136157,3
136158,3
136159,3
136160,3
136161,3
136162,3
136163,3
136164,3
136165,3
136166,3
136167,3
